family	owner_table	field_code	wire_name	value_owner	value_column	position_table	presence	default_rule	evidence
no_intro_dat	no_intro_dat_header_text_children	id	datafile/header/id/#text	no_intro_dat_header_text_children	value_text	-	required-singleton;element;empty-retained-except-strict-id	none;no-source-default	MAMEC-DOC-14@37510:flat-DAT-crosswalk;e591363:current=no_intro_dat_headers.id_text;parser=src/no_intro_dat_xml/reader.rs::parse_header_child;strict=xs:int-lexical/range;compatible=opaque-empty-allowed;inline-current-value-and-child-position->one-typed-text-child;no-attribute-position
no_intro_dat	no_intro_dat_header_text_children	name	datafile/header/name/#text	no_intro_dat_header_text_children	value_text	-	required-singleton;element;empty-retained-except-strict-id	none;no-source-default	MAMEC-DOC-14@37510:flat-DAT-crosswalk;e591363:current=no_intro_dat_headers.name;parser=src/no_intro_dat_xml/reader.rs::parse_header_child;inline-current-value-and-child-position->one-typed-text-child;no-attribute-position
no_intro_dat	no_intro_dat_header_text_children	description	datafile/header/description/#text	no_intro_dat_header_text_children	value_text	-	required-singleton;element;empty-retained-except-strict-id	none;no-source-default	MAMEC-DOC-14@37510:flat-DAT-crosswalk;e591363:current=no_intro_dat_headers.description;parser=src/no_intro_dat_xml/reader.rs::parse_header_child;inline-current-value-and-child-position->one-typed-text-child;no-attribute-position
no_intro_dat	no_intro_dat_header_text_children	version	datafile/header/version/#text	no_intro_dat_header_text_children	value_text	-	required-singleton;element;empty-retained-except-strict-id	none;no-source-default	MAMEC-DOC-14@37510:flat-DAT-crosswalk;e591363:current=no_intro_dat_headers.version_text;parser=src/no_intro_dat_xml/reader.rs::parse_header_child;inline-current-value-and-child-position->one-typed-text-child;no-attribute-position
no_intro_dat	no_intro_dat_header_text_children	date	datafile/header/date/#text	no_intro_dat_header_text_children	value_text	-	optional-singleton;element;empty-retained	none;no-source-default	MAMEC-DOC-14@37510:flat-DAT-crosswalk;e591363:current=no_intro_dat_headers.date;parser=src/no_intro_dat_xml/reader.rs::parse_header_child;inline-current-value-and-child-position->one-typed-text-child;no-attribute-position
no_intro_dat	no_intro_dat_header_text_children	author	datafile/header/author/#text	no_intro_dat_header_text_children	value_text	-	strict-required;compatible-optional;element;empty-retained	none;no-source-default	MAMEC-DOC-14@37510:flat-DAT-crosswalk;e591363:current=no_intro_dat_headers.author;parser=src/no_intro_dat_xml/reader.rs::parse_header_child;inline-current-value-and-child-position->one-typed-text-child;no-attribute-position
no_intro_dat	no_intro_dat_header_text_children	homepage	datafile/header/homepage/#text	no_intro_dat_header_text_children	value_text	-	optional-singleton;element;empty-retained	none;no-source-default	MAMEC-DOC-14@37510:flat-DAT-crosswalk;e591363:current=no_intro_dat_headers.homepage;parser=src/no_intro_dat_xml/reader.rs::parse_header_child;inline-current-value-and-child-position->one-typed-text-child;no-attribute-position
no_intro_dat	no_intro_dat_header_text_children	url	datafile/header/url/#text	no_intro_dat_header_text_children	value_text	-	optional-singleton;element;empty-retained	none;no-source-default	MAMEC-DOC-14@37510:flat-DAT-crosswalk;e591363:current=no_intro_dat_headers.url;parser=src/no_intro_dat_xml/reader.rs::parse_header_child;inline-current-value-and-child-position->one-typed-text-child;no-attribute-position
no_intro_dat	no_intro_dat_header_text_children	trademarks	datafile/header/trademarks/#text	no_intro_dat_header_text_children	value_text	-	optional-singleton;element;empty-retained	none;no-source-default	MAMEC-DOC-14@37510:flat-DAT-crosswalk;e591363:current=no_intro_dat_headers.trademarks;parser=src/no_intro_dat_xml/reader.rs::parse_header_child;strict-v4-and-compatible-v3/v4-only;strict-v3-rejects;inline-current-value-and-child-position->one-typed-text-child;no-attribute-position
no_intro_dat	no_intro_dat_header_text_children	piracy	datafile/header/piracy/#text	no_intro_dat_header_text_children	value_text	-	optional-singleton;element;empty-retained	none;no-source-default	MAMEC-DOC-14@37510:flat-DAT-crosswalk;e591363:current=no_intro_dat_headers.piracy;parser=src/no_intro_dat_xml/reader.rs::parse_header_child;strict-v4-and-compatible-v3/v4-only;strict-v3-rejects;inline-current-value-and-child-position->one-typed-text-child;no-attribute-position
no_intro_dat	no_intro_dat_header_text_children	subset	datafile/header/subset/#text	no_intro_dat_header_text_children	value_text	-	optional-singleton;element;empty-retained	none;no-source-default	MAMEC-DOC-14@37510:flat-DAT-crosswalk;e591363:current=no_intro_dat_headers.subset;parser=src/no_intro_dat_xml/reader.rs::parse_header_child;inline-current-value-and-child-position->one-typed-text-child;no-attribute-position
no_intro_dat	no_intro_dat_header_text_children	comment	datafile/header/comment/#text	no_intro_dat_header_text_children	value_text	-	optional-singleton;element;empty-retained	none;no-source-default	MAMEC-DOC-14@37510:flat-DAT-crosswalk;e591363:current=no_intro_dat_headers.comment;parser=src/no_intro_dat_xml/reader.rs::parse_header_child;compatible-only;strict-rejects;inline-current-value-and-child-position->one-typed-text-child;no-attribute-position
no_intro_dat	no_intro_dat_clrmamepro_options	forcenodump	datafile/header/clrmamepro/@forcenodump	no_intro_dat_clrmamepro_options	forcenodump	no_intro_dat_clrmamepro_field_positions	optional;NULL=absent;empty-retained;position-iff-present	omitted-effective-policy=obsolete;no-literal/no-position-on-omission	MAMEC-DOC-14@37510:flat-DAT-crosswalk;e591363:current=no_intro_dat_clrmamepro_options.forcenodump_text;parser=src/no_intro_dat_xml/reader.rs::parse_clrmamepro;strict-collapse-XML-whitespace-enum=obsolete|required|ignore;compatible-arbitrary-text;retain-decoded-spelling
no_intro_dat	no_intro_dat_clrmamepro_options	header	datafile/header/clrmamepro/@header	no_intro_dat_clrmamepro_options	header	no_intro_dat_clrmamepro_field_positions	optional;NULL=absent;empty-retained;position-iff-present	none;no-source-default	MAMEC-DOC-14@37510:flat-DAT-crosswalk;e591363:current=no_intro_dat_clrmamepro_options.header_text;parser=src/no_intro_dat_xml/reader.rs::parse_clrmamepro;
no_intro_dat	no_intro_dat_romcenter_options	plugin	datafile/header/romcenter/@plugin	no_intro_dat_romcenter_options	plugin	no_intro_dat_romcenter_field_positions	optional;NULL=absent;empty-retained;position-iff-present	none;no-source-default	MAMEC-DOC-14@37510:flat-DAT-crosswalk;e591363:current=no_intro_dat_romcenter_options.plugin_text;parser=src/no_intro_dat_xml/reader.rs::parse_romcenter;
no_intro_dat	no_intro_dat_games	name	datafile/game/@name	catalog_sets	set_name	no_intro_dat_game_field_positions	required;present-empty-retained;position-required	none;no-source-default	MAMEC-DOC-14@37510:flat-DAT-crosswalk;e591363:current=catalog_sets.set_name;parser=src/no_intro_dat_xml/reader.rs::parse_game;
no_intro_dat	no_intro_dat_games	id	datafile/game/@id	no_intro_dat_games	publisher_id_text	no_intro_dat_game_field_positions	optional;NULL=absent;empty-retained;position-iff-present	none;no-source-default	MAMEC-DOC-14@37510:flat-DAT-crosswalk;e591363:current=no_intro_dat_games.id_text;parser=src/no_intro_dat_xml/reader.rs::parse_game;opaque-publisher-id;leading-zero-and-empty-retained
no_intro_dat	no_intro_dat_games	cloneof	datafile/game/@cloneof	no_intro_dat_set_links	target_literal	no_intro_dat_game_field_positions	optional;absent=no-link/position;empty-literal-retained	none;no-source-default	MAMEC-DOC-14@37510:flat-DAT-crosswalk;e591363:current=no_intro_dat_set_links.target_literal[cloneof];parser=src/no_intro_dat_xml/reader.rs::parse_game;link_kind=cloneof;position.relationship_id=same-canonical-declaration;cloneof=name/cloneofid=publisher-id;unresolved
no_intro_dat	no_intro_dat_games	cloneofid	datafile/game/@cloneofid	no_intro_dat_set_links	target_literal	no_intro_dat_game_field_positions	optional;absent=no-link/position;empty-literal-retained	none;no-source-default	MAMEC-DOC-14@37510:flat-DAT-crosswalk;e591363:current=no_intro_dat_set_links.target_literal[cloneofid];parser=src/no_intro_dat_xml/reader.rs::parse_game;link_kind=cloneofid;position.relationship_id=same-canonical-declaration;cloneof=name/cloneofid=publisher-id;unresolved
no_intro_dat	no_intro_dat_game_descriptions	text	datafile/game/description/#text	no_intro_dat_game_descriptions	description_text	-	required-singleton;element;present-empty-retained	none;no-source-default	MAMEC-DOC-14@37510:flat-DAT-crosswalk;e591363:current=no_intro_dat_games.description_text;parser=src/no_intro_dat_xml/reader.rs::parse_game_child;element-text;value-row-owns-mixed-child-placement;no-attribute-position
no_intro_dat	no_intro_dat_categories	text	datafile/game/category/#text	no_intro_dat_categories	category	-	optional;element-absence=no-row;present-empty-retained	none;no-source-default	MAMEC-DOC-14@37510:flat-DAT-crosswalk;e591363:current=no_intro_dat_categories.text;parser=src/no_intro_dat_xml/reader.rs::parse_game_child;repeated/empty-elements-distinct;element-text;value-row-owns-mixed-child-placement;no-attribute-position
no_intro_dat	no_intro_dat_identifiers	text	datafile/game/game_id/#text	no_intro_dat_identifiers	identifier	-	optional;element-absence=no-row;present-empty-retained	none;no-source-default	MAMEC-DOC-14@37510:flat-DAT-crosswalk;e591363:current=no_intro_dat_identifiers.text;parser=src/no_intro_dat_xml/reader.rs::parse_game_child;compatible-only;repeated/empty-elements-distinct;element-text;value-row-owns-mixed-child-placement;no-attribute-position
no_intro_dat	no_intro_dat_releases	name	datafile/game/release/@name	no_intro_dat_releases	name	no_intro_dat_release_field_positions	required;present-empty-retained;position-required	none;no-source-default	MAMEC-DOC-14@37510:flat-DAT-crosswalk;e591363:current=no_intro_dat_releases.name;parser=src/no_intro_dat_xml/reader.rs::parse_release;
no_intro_dat	no_intro_dat_releases	region	datafile/game/release/@region	no_intro_dat_releases	region	no_intro_dat_release_field_positions	required;present-empty-retained;position-required	none;no-source-default	MAMEC-DOC-14@37510:flat-DAT-crosswalk;e591363:current=no_intro_dat_releases.region;parser=src/no_intro_dat_xml/reader.rs::parse_release;
no_intro_dat	no_intro_dat_rom_claims	name	datafile/game/rom/@name	no_intro_dat_rom_claims	name	no_intro_dat_rom_field_positions	required;present-empty-retained;position-required	none;no-source-default	MAMEC-DOC-14@37510:flat-DAT-crosswalk;e591363:current=no_intro_dat_rom_claims.name;parser=src/no_intro_dat_xml/reader.rs::parse_rom;
no_intro_dat	no_intro_dat_rom_claims	size	datafile/game/rom/@size	no_intro_dat_rom_claims	size_text	no_intro_dat_rom_field_positions	strict-required;strict-invalid/empty-reject;compatible-optional-arbitrary-text	none;no-source-default	MAMEC-DOC-14@37510:flat-DAT-crosswalk;e591363:current=no_intro_dat_rom_claims.size_text;parser=src/no_intro_dat_xml/reader.rs::parse_rom;strict=xs:unsignedInt-XML-whitespace/sign/negative-zero/range;compatible-query-projection-pending;candidate-size_i64-not-equivalence-proof
no_intro_dat	no_intro_dat_rom_claims	crc	datafile/game/rom/@crc	declared_catalog_hash_text	declared_text	no_intro_dat_rom_field_positions	strict-required;compatible-optional;empty/invalid/value-retained	none;no-source-default	MAMEC-DOC-14@37510:flat-DAT-crosswalk;e591363:current=no_intro_dat_rom_digest_fields.digest_id/invalid_text;parser=src/no_intro_dat_xml/reader.rs::parse_rom;position.reported_hash_id->catalog_entry_hashes->hash_values;valid-lowercase-from-bytes;invalid-subtype-required;scope=unknown
no_intro_dat	no_intro_dat_rom_claims	md5	datafile/game/rom/@md5	declared_catalog_hash_text	declared_text	no_intro_dat_rom_field_positions	strict-required;compatible-optional;empty/invalid/value-retained	none;no-source-default	MAMEC-DOC-14@37510:flat-DAT-crosswalk;e591363:current=no_intro_dat_rom_digest_fields.digest_id/invalid_text;parser=src/no_intro_dat_xml/reader.rs::parse_rom;position.reported_hash_id->catalog_entry_hashes->hash_values;valid-lowercase-from-bytes;invalid-subtype-required;scope=unknown
no_intro_dat	no_intro_dat_rom_claims	sha1	datafile/game/rom/@sha1	declared_catalog_hash_text	declared_text	no_intro_dat_rom_field_positions	strict-required;compatible-optional;empty/invalid/value-retained	none;no-source-default	MAMEC-DOC-14@37510:flat-DAT-crosswalk;e591363:current=no_intro_dat_rom_digest_fields.digest_id/invalid_text;parser=src/no_intro_dat_xml/reader.rs::parse_rom;position.reported_hash_id->catalog_entry_hashes->hash_values;valid-lowercase-from-bytes;invalid-subtype-required;scope=unknown
no_intro_dat	no_intro_dat_rom_claims	sha256	datafile/game/rom/@sha256	declared_catalog_hash_text	declared_text	no_intro_dat_rom_field_positions	optional;absent=no-declaration/position;empty/invalid/value-retained	none;no-source-default	MAMEC-DOC-14@37510:flat-DAT-crosswalk;e591363:current=no_intro_dat_rom_digest_fields.digest_id/invalid_text;parser=src/no_intro_dat_xml/reader.rs::parse_rom;position.reported_hash_id->catalog_entry_hashes->hash_values;valid-lowercase-from-bytes;invalid-subtype-required;scope=unknown
no_intro_dat	no_intro_dat_rom_claims	status	datafile/game/rom/@status	no_intro_dat_rom_claims	status_text	no_intro_dat_rom_field_positions	optional;NULL=absent;empty-retained;position-iff-present	none;no-source-default	MAMEC-DOC-14@37510:flat-DAT-crosswalk;e591363:current=no_intro_dat_rom_claims.status_text;parser=src/no_intro_dat_xml/reader.rs::parse_rom;
no_intro_dat	no_intro_dat_rom_claims	serial	datafile/game/rom/@serial	no_intro_dat_rom_claims	serial_text	no_intro_dat_rom_field_positions	optional;NULL=absent;empty-retained;position-iff-present	none;no-source-default	MAMEC-DOC-14@37510:flat-DAT-crosswalk;e591363:current=no_intro_dat_rom_claims.serial_text;parser=src/no_intro_dat_xml/reader.rs::parse_rom;
no_intro_dat	no_intro_dat_rom_claims	header	datafile/game/rom/@header	no_intro_dat_rom_claims	header_text	no_intro_dat_rom_field_positions	optional;NULL=absent;empty-retained;position-iff-present	none;no-source-default	MAMEC-DOC-14@37510:flat-DAT-crosswalk;e591363:current=no_intro_dat_rom_claims.header_text;parser=src/no_intro_dat_xml/reader.rs::parse_rom;
no_intro_dat	no_intro_dat_rom_claims	date	datafile/game/rom/@date	no_intro_dat_rom_claims	date_text	no_intro_dat_rom_field_positions	optional;NULL=absent;empty-retained;position-iff-present	none;no-source-default	MAMEC-DOC-14@37510:flat-DAT-crosswalk;e591363:current=no_intro_dat_rom_claims.date_text;parser=src/no_intro_dat_xml/reader.rs::parse_rom;compatible-only;strict-rejects
no_intro_dat	no_intro_dat_rom_claims	mia	datafile/game/rom/@mia	no_intro_dat_rom_claims	mia_text	no_intro_dat_rom_field_positions	optional;NULL=absent;empty-retained;position-iff-present	none;no-source-default	MAMEC-DOC-14@37510:flat-DAT-crosswalk;e591363:current=no_intro_dat_rom_claims.mia_text;parser=src/no_intro_dat_xml/reader.rs::parse_rom;compatible-only;strict-rejects
no_intro_pc_fixture	no_intro_pc_header_names	text	datafile/header/name/#text	no_intro_pc_header_names	name_text	-	optional;element-absence=no-row;present-empty-retained	none;no-source-default	MAMEC-DOC-9@37326:synthetic-P/C;e591363:current=no_intro_pc_header_names.text;parser=src/no_intro_pc_xml.rs::parse_header;repeated/empty-elements-distinct;element-text;value-row-owns-mixed-child-placement;no-attribute-position
no_intro_pc_fixture	no_intro_pc_header_descriptions	text	datafile/header/description/#text	no_intro_pc_header_descriptions	description_text	-	optional;element-absence=no-row;present-empty-retained	none;no-source-default	MAMEC-DOC-9@37326:synthetic-P/C;e591363:current=no_intro_pc_header_descriptions.text;parser=src/no_intro_pc_xml.rs::parse_header;repeated/empty-elements-distinct;element-text;value-row-owns-mixed-child-placement;no-attribute-position
no_intro_pc_fixture	no_intro_pc_header_versions	text	datafile/header/version/#text	no_intro_pc_header_versions	version_text	-	optional;element-absence=no-row;present-empty-retained	none;no-source-default	MAMEC-DOC-9@37326:synthetic-P/C;e591363:current=no_intro_pc_headers.version_text;parser=src/no_intro_pc_xml.rs::parse_header;optional-singleton;element-text;value-row-owns-mixed-child-placement;no-attribute-position
no_intro_pc_fixture	no_intro_pc_game_descriptions	text	datafile/game/description/#text	no_intro_pc_game_descriptions	description_text	-	optional;element-absence=no-row;present-empty-retained	none;no-source-default	MAMEC-DOC-9@37326:synthetic-P/C;e591363:current=no_intro_pc_games.description_text;parser=src/no_intro_pc_xml.rs::parse_entry;optional-singleton;element-text;value-row-owns-mixed-child-placement;no-attribute-position
no_intro_pc_fixture	no_intro_pc_games	name	datafile/game/@name	catalog_sets	set_name	no_intro_pc_game_attribute_positions	required;empty-rejected;position-required	none;no-source-default	MAMEC-DOC-9@37326:synthetic-P/C;e591363:current=catalog_sets.set_name;parser=src/no_intro_pc_xml.rs::parse_entry_attributes;
no_intro_pc_fixture	no_intro_pc_games	id	datafile/game/@id	no_intro_pc_games	archive_id	no_intro_pc_game_attribute_positions	optional;present-nonempty-ASCII-digits;empty-invalid-rejected;leading-zeros-retained	none;no-source-default	MAMEC-DOC-9@37326:synthetic-P/C;e591363:current=no_intro_pc_games.archive_id;parser=src/no_intro_pc_xml.rs::parse_entry_attributes;
no_intro_pc_fixture	no_intro_pc_games	namealt	datafile/game/@namealt	no_intro_pc_games	name_alt	no_intro_pc_game_attribute_positions	optional;NULL=absent;empty-retained;position-iff-present	none;no-source-default	MAMEC-DOC-9@37326:synthetic-P/C;e591363:current=no_intro_pc_games.name_alt;parser=src/no_intro_pc_xml.rs::parse_entry_attributes;
no_intro_pc_fixture	no_intro_pc_games	region	datafile/game/@region	no_intro_pc_games	region	no_intro_pc_game_attribute_positions	optional;NULL=absent;empty-retained;position-iff-present	none;no-source-default	MAMEC-DOC-9@37326:synthetic-P/C;e591363:current=no_intro_pc_games.region;parser=src/no_intro_pc_xml.rs::parse_entry_attributes;
no_intro_pc_fixture	no_intro_pc_games	languages	datafile/game/@languages	no_intro_pc_languages	language	no_intro_pc_game_attribute_positions	optional;missing=no-position/no-tokens;explicit-empty=position/zero-tokens	none;no-source-default	MAMEC-DOC-9@37326:synthetic-P/C;e591363:current=no_intro_pc_languages.language+no_intro_pc_games.languages_present;parser=src/no_intro_pc_xml.rs::parse_entry_attributes;comma-split;trim;drop-empty;retain-token-order-and-repeats;raw-spelling-external;presence-derived-from-position
no_intro_pc_fixture	no_intro_pc_games	version	datafile/game/@version	no_intro_pc_games	version	no_intro_pc_game_attribute_positions	optional;NULL=absent;empty-retained;position-iff-present	none;no-source-default	MAMEC-DOC-9@37326:synthetic-P/C;e591363:current=no_intro_pc_games.version;parser=src/no_intro_pc_xml.rs::parse_entry_attributes;
no_intro_pc_fixture	no_intro_pc_games	bios	datafile/game/@bios	no_intro_pc_games	bios_text	no_intro_pc_game_attribute_positions	optional;NULL=absent;empty-retained;position-iff-present	none;no-source-default	MAMEC-DOC-9@37326:synthetic-P/C;e591363:current=no_intro_pc_games.bios_text;parser=src/no_intro_pc_xml.rs::parse_entry_attributes;
no_intro_pc_fixture	no_intro_pc_games	clone	datafile/game/@clone	no_intro_pc_declared_clone_text	declared_text	no_intro_pc_game_attribute_positions	optional;P=typed-marker;otherwise-nonempty-ASCII-digits;empty-invalid-rejected	none;no-source-default	MAMEC-DOC-9@37326:synthetic-P/C;e591363:current=no_intro_pc_clone_markers.marker|no_intro_pc_clone_links.target_archive_id;parser=src/no_intro_pc_xml.rs::parse_entry_attributes;view-UNION-disjoint-marker/link;one-stored-literal;marker-position.relationship_id=NULL;link-position.relationship_id=same-declaration
no_intro_pc_fixture	no_intro_pc_games	mergeof	datafile/game/@mergeof	no_intro_pc_merge_links	target_archive_id	no_intro_pc_game_attribute_positions	optional;present-nonempty-ASCII-digits;empty-invalid-rejected;leading-zeros-retained	none;no-source-default	MAMEC-DOC-9@37326:synthetic-P/C;e591363:current=no_intro_pc_merge_links.target_archive_id;parser=src/no_intro_pc_xml.rs::parse_entry_attributes;position.relationship_id=same-canonical-declaration;no-resolved-target-copy
no_intro_pc_fixture	no_intro_pc_file_claims	name	datafile/game/rom/@name	no_intro_pc_file_claims	name	no_intro_pc_rom_attribute_positions	required;empty-rejected;position-required	none;no-source-default	MAMEC-DOC-9@37326:synthetic-P/C;e591363:current=no_intro_pc_file_claims.name;parser=src/no_intro_pc_xml.rs::parse_asset;
no_intro_pc_fixture	no_intro_pc_file_claims	size	datafile/game/rom/@size	no_intro_pc_file_claims	size_text	no_intro_pc_rom_attribute_positions	optional;NULL=no-value/no-position;present=Rust-u64;empty/invalid/overflow-rejected	none;no-source-default	MAMEC-DOC-9@37326:synthetic-P/C;e591363:current=no_intro_pc_file_claims.size_text;parser=src/no_intro_pc_xml.rs::parse_asset;parse_asset.Option<u64>;single-leading-plus/ASCII-digits/u64-range;leading-zeros-retained;candidate-size_i64-NULL-above-i64-max
no_intro_pc_fixture	no_intro_pc_file_claims	crc	datafile/game/rom/@crc	declared_catalog_hash_text	declared_text	no_intro_pc_rom_attribute_positions	optional;absent=no-declaration/position;present-exact-ASCII-hex;empty-invalid-rejected	none;no-source-default	MAMEC-DOC-9@37326:synthetic-P/C;e591363:current=occurrence_digest_assertions.digest_id;parser=src/no_intro_pc_xml.rs::parse_asset;position.reported_hash_id->catalog_entry_hashes->hash_values;valid-lowercase-from-bytes;invalid-subtype-required;scope=whole_asset
no_intro_pc_fixture	no_intro_pc_file_claims	md5	datafile/game/rom/@md5	declared_catalog_hash_text	declared_text	no_intro_pc_rom_attribute_positions	optional;absent=no-declaration/position;present-exact-ASCII-hex;empty-invalid-rejected	none;no-source-default	MAMEC-DOC-9@37326:synthetic-P/C;e591363:current=occurrence_digest_assertions.digest_id;parser=src/no_intro_pc_xml.rs::parse_asset;position.reported_hash_id->catalog_entry_hashes->hash_values;valid-lowercase-from-bytes;invalid-subtype-required;scope=whole_asset
no_intro_pc_fixture	no_intro_pc_file_claims	sha1	datafile/game/rom/@sha1	declared_catalog_hash_text	declared_text	no_intro_pc_rom_attribute_positions	optional;absent=no-declaration/position;present-exact-ASCII-hex;empty-invalid-rejected	none;no-source-default	MAMEC-DOC-9@37326:synthetic-P/C;e591363:current=occurrence_digest_assertions.digest_id;parser=src/no_intro_pc_xml.rs::parse_asset;position.reported_hash_id->catalog_entry_hashes->hash_values;valid-lowercase-from-bytes;invalid-subtype-required;scope=whole_asset
no_intro_database	no_intro_export_header_fields	author	header/author/#text	no_intro_export_header_fields	text	-	optional;element-absence=no-row;present-empty-retained	none;no-source-default	MAMEC-DOC-14@37510:complete-observed-DB-export-field-ledger;e591363:current=no_intro_header_fields.value[kind=author];parser=src/no_intro_db_xml/reader.rs::parse_header;repeated/empty-elements-distinct;element-text;value-row-owns-mixed-child-placement;no-attribute-position;observed-and-NUL-recovery-same-fields;no-numeric/flag/date/language-default-inference
no_intro_database	no_intro_export_header_fields	piracy	header/piracy/#text	no_intro_export_header_fields	text	-	optional;element-absence=no-row;present-empty-retained	none;no-source-default	MAMEC-DOC-14@37510:complete-observed-DB-export-field-ledger;e591363:current=no_intro_header_fields.value[kind=piracy];parser=src/no_intro_db_xml/reader.rs::parse_header;repeated/empty-elements-distinct;element-text;value-row-owns-mixed-child-placement;no-attribute-position;observed-and-NUL-recovery-same-fields;no-numeric/flag/date/language-default-inference
no_intro_database	no_intro_export_header_fields	trademarks	header/trademarks/#text	no_intro_export_header_fields	text	-	optional;element-absence=no-row;present-empty-retained	none;no-source-default	MAMEC-DOC-14@37510:complete-observed-DB-export-field-ledger;e591363:current=no_intro_header_fields.value[kind=trademarks];parser=src/no_intro_db_xml/reader.rs::parse_header;repeated/empty-elements-distinct;element-text;value-row-owns-mixed-child-placement;no-attribute-position;observed-and-NUL-recovery-same-fields;no-numeric/flag/date/language-default-inference
no_intro_database	no_intro_export_header_fields	url	header/url/#text	no_intro_export_header_fields	text	-	optional;element-absence=no-row;present-empty-retained	none;no-source-default	MAMEC-DOC-14@37510:complete-observed-DB-export-field-ledger;e591363:current=no_intro_header_fields.value[kind=url];parser=src/no_intro_db_xml/reader.rs::parse_header;repeated/empty-elements-distinct;element-text;value-row-owns-mixed-child-placement;no-attribute-position;observed-and-NUL-recovery-same-fields;no-numeric/flag/date/language-default-inference
no_intro_database	no_intro_export_header_fields	version	header/version/#text	no_intro_export_header_fields	text	-	optional;element-absence=no-row;present-empty-retained	none;no-source-default	MAMEC-DOC-14@37510:complete-observed-DB-export-field-ledger;e591363:current=no_intro_header_fields.value[kind=version];parser=src/no_intro_db_xml/reader.rs::parse_header;repeated/empty-elements-distinct;element-text;value-row-owns-mixed-child-placement;no-attribute-position;observed-and-NUL-recovery-same-fields;no-numeric/flag/date/language-default-inference
no_intro_database	no_intro_export_games	name	datafile/game/@name	catalog_sets	set_name	no_intro_export_game_field_positions	required;present-empty-retained;position-required	none;no-source-default	MAMEC-DOC-14@37510:complete-observed-DB-export-field-ledger;e591363:current=catalog_sets.set_name;parser=src/no_intro_db_xml/reader.rs::parse_game;observed-and-NUL-recovery-same-fields;no-numeric/flag/date/language-default-inference
no_intro_database	no_intro_archive_descriptions	additional	datafile/game/archive/@additional	no_intro_archive_descriptions	additional	no_intro_archive_field_positions	optional;NULL=absent;empty-retained;position-iff-present	none;no-source-default	MAMEC-DOC-14@37510:complete-observed-DB-export-field-ledger;e591363:current=no_intro_archive_descriptions.additional;parser=src/no_intro_db_xml/reader.rs::parse_archive;observed-and-NUL-recovery-same-fields;no-numeric/flag/date/language-default-inference
no_intro_database	no_intro_archive_descriptions	adult	datafile/game/archive/@adult	no_intro_archive_descriptions	adult	no_intro_archive_field_positions	optional;NULL=absent;empty-retained;position-iff-present	none;no-source-default	MAMEC-DOC-14@37510:complete-observed-DB-export-field-ledger;e591363:current=no_intro_archive_descriptions.adult;parser=src/no_intro_db_xml/reader.rs::parse_archive;observed-and-NUL-recovery-same-fields;no-numeric/flag/date/language-default-inference
no_intro_database	no_intro_archive_descriptions	aftermarket	datafile/game/archive/@aftermarket	no_intro_archive_descriptions	aftermarket	no_intro_archive_field_positions	optional;NULL=absent;empty-retained;position-iff-present	none;no-source-default	MAMEC-DOC-14@37510:complete-observed-DB-export-field-ledger;e591363:current=no_intro_archive_descriptions.aftermarket;parser=src/no_intro_db_xml/reader.rs::parse_archive;observed-and-NUL-recovery-same-fields;no-numeric/flag/date/language-default-inference
no_intro_database	no_intro_archive_descriptions	alt	datafile/game/archive/@alt	no_intro_archive_descriptions	alt	no_intro_archive_field_positions	optional;NULL=absent;empty-retained;position-iff-present	none;no-source-default	MAMEC-DOC-14@37510:complete-observed-DB-export-field-ledger;e591363:current=no_intro_archive_descriptions.alt;parser=src/no_intro_db_xml/reader.rs::parse_archive;observed-and-NUL-recovery-same-fields;no-numeric/flag/date/language-default-inference
no_intro_database	no_intro_archive_descriptions	bios	datafile/game/archive/@bios	no_intro_archive_descriptions	bios	no_intro_archive_field_positions	optional;NULL=absent;empty-retained;position-iff-present	none;no-source-default	MAMEC-DOC-14@37510:complete-observed-DB-export-field-ledger;e591363:current=no_intro_archive_descriptions.bios;parser=src/no_intro_db_xml/reader.rs::parse_archive;observed-and-NUL-recovery-same-fields;no-numeric/flag/date/language-default-inference
no_intro_database	no_intro_archive_descriptions	categories	datafile/game/archive/@categories	no_intro_archive_descriptions	categories	no_intro_archive_field_positions	optional;NULL=absent;empty-retained;position-iff-present	none;no-source-default	MAMEC-DOC-14@37510:complete-observed-DB-export-field-ledger;e591363:current=no_intro_archive_descriptions.categories;parser=src/no_intro_db_xml/reader.rs::parse_archive;observed-and-NUL-recovery-same-fields;no-numeric/flag/date/language-default-inference
no_intro_database	no_intro_archive_descriptions	clone	datafile/game/archive/@clone	no_intro_archive_declared_clone_text	declared_text	no_intro_archive_field_positions	optional;P=typed-marker;other-including-empty=typed-link	none;no-source-default	MAMEC-DOC-14@37510:complete-observed-DB-export-field-ledger;e591363:current=no_intro_archive_clone_markers.marker|no_intro_archive_clone_links.declared_target_number;parser=src/no_intro_db_xml/reader.rs::parse_archive;view-UNION-disjoint-marker/link;one-stored-literal;marker-position.relationship_id=NULL;link-position.relationship_id=same-declaration;observed-and-NUL-recovery-same-fields;no-numeric/flag/date/language-default-inference
no_intro_database	no_intro_archive_descriptions	complete	datafile/game/archive/@complete	no_intro_archive_descriptions	complete	no_intro_archive_field_positions	optional;NULL=absent;empty-retained;position-iff-present	none;no-source-default	MAMEC-DOC-14@37510:complete-observed-DB-export-field-ledger;e591363:current=no_intro_archive_descriptions.complete;parser=src/no_intro_db_xml/reader.rs::parse_archive;observed-and-NUL-recovery-same-fields;no-numeric/flag/date/language-default-inference
no_intro_database	no_intro_archive_descriptions	dat	datafile/game/archive/@dat	no_intro_archive_descriptions	dat	no_intro_archive_field_positions	optional;NULL=absent;empty-retained;position-iff-present	none;no-source-default	MAMEC-DOC-14@37510:complete-observed-DB-export-field-ledger;e591363:current=no_intro_archive_descriptions.dat;parser=src/no_intro_db_xml/reader.rs::parse_archive;observed-and-NUL-recovery-same-fields;no-numeric/flag/date/language-default-inference
no_intro_database	no_intro_archive_descriptions	datter_note	datafile/game/archive/@datter_note	no_intro_archive_descriptions	datter_note	no_intro_archive_field_positions	optional;NULL=absent;empty-retained;position-iff-present	none;no-source-default	MAMEC-DOC-14@37510:complete-observed-DB-export-field-ledger;e591363:current=no_intro_archive_descriptions.datter_note;parser=src/no_intro_db_xml/reader.rs::parse_archive;observed-and-NUL-recovery-same-fields;no-numeric/flag/date/language-default-inference
no_intro_database	no_intro_archive_descriptions	description	datafile/game/archive/@description	no_intro_archive_descriptions	description	no_intro_archive_field_positions	optional;NULL=absent;empty-retained;position-iff-present	none;no-source-default	MAMEC-DOC-14@37510:complete-observed-DB-export-field-ledger;e591363:current=no_intro_archive_descriptions.description;parser=src/no_intro_db_xml/reader.rs::parse_archive;observed-and-NUL-recovery-same-fields;no-numeric/flag/date/language-default-inference
no_intro_database	no_intro_archive_descriptions	devstatus	datafile/game/archive/@devstatus	no_intro_archive_descriptions	devstatus	no_intro_archive_field_positions	optional;NULL=absent;empty-retained;position-iff-present	none;no-source-default	MAMEC-DOC-14@37510:complete-observed-DB-export-field-ledger;e591363:current=no_intro_archive_descriptions.devstatus;parser=src/no_intro_db_xml/reader.rs::parse_archive;observed-and-NUL-recovery-same-fields;no-numeric/flag/date/language-default-inference
no_intro_database	no_intro_archive_descriptions	gameid1	datafile/game/archive/@gameid1	no_intro_archive_descriptions	gameid1	no_intro_archive_field_positions	optional;NULL=absent;empty-retained;position-iff-present	none;no-source-default	MAMEC-DOC-14@37510:complete-observed-DB-export-field-ledger;e591363:current=no_intro_archive_descriptions.gameid1;parser=src/no_intro_db_xml/reader.rs::parse_archive;observed-and-NUL-recovery-same-fields;no-numeric/flag/date/language-default-inference
no_intro_database	no_intro_archive_descriptions	gameid2	datafile/game/archive/@gameid2	no_intro_archive_descriptions	gameid2	no_intro_archive_field_positions	optional;NULL=absent;empty-retained;position-iff-present	none;no-source-default	MAMEC-DOC-14@37510:complete-observed-DB-export-field-ledger;e591363:current=no_intro_archive_descriptions.gameid2;parser=src/no_intro_db_xml/reader.rs::parse_archive;observed-and-NUL-recovery-same-fields;no-numeric/flag/date/language-default-inference
no_intro_database	no_intro_archive_descriptions	langchecked	datafile/game/archive/@langchecked	no_intro_archive_descriptions	langchecked	no_intro_archive_field_positions	optional;NULL=absent;empty-retained;position-iff-present	none;no-source-default	MAMEC-DOC-14@37510:complete-observed-DB-export-field-ledger;e591363:current=no_intro_archive_descriptions.langchecked;parser=src/no_intro_db_xml/reader.rs::parse_archive;observed-and-NUL-recovery-same-fields;no-numeric/flag/date/language-default-inference
no_intro_database	no_intro_archive_descriptions	languages	datafile/game/archive/@languages	no_intro_archive_descriptions	languages	no_intro_archive_field_positions	optional;NULL=absent;empty-retained;position-iff-present	none;no-source-default	MAMEC-DOC-14@37510:complete-observed-DB-export-field-ledger;e591363:current=no_intro_archive_descriptions.languages;parser=src/no_intro_db_xml/reader.rs::parse_archive;observed-and-NUL-recovery-same-fields;no-numeric/flag/date/language-default-inference
no_intro_database	no_intro_archive_descriptions	licensed	datafile/game/archive/@licensed	no_intro_archive_descriptions	licensed	no_intro_archive_field_positions	optional;NULL=absent;empty-retained;position-iff-present	none;no-source-default	MAMEC-DOC-14@37510:complete-observed-DB-export-field-ledger;e591363:current=no_intro_archive_descriptions.licensed;parser=src/no_intro_db_xml/reader.rs::parse_archive;observed-and-NUL-recovery-same-fields;no-numeric/flag/date/language-default-inference
no_intro_database	no_intro_archive_descriptions	listed	datafile/game/archive/@listed	no_intro_archive_descriptions	listed	no_intro_archive_field_positions	optional;NULL=absent;empty-retained;position-iff-present	none;no-source-default	MAMEC-DOC-14@37510:complete-observed-DB-export-field-ledger;e591363:current=no_intro_archive_descriptions.listed;parser=src/no_intro_db_xml/reader.rs::parse_archive;observed-and-NUL-recovery-same-fields;no-numeric/flag/date/language-default-inference
no_intro_database	no_intro_archive_descriptions	mergename	datafile/game/archive/@mergename	no_intro_archive_descriptions	mergename	no_intro_archive_field_positions	optional;NULL=absent;empty-retained;position-iff-present	none;no-source-default	MAMEC-DOC-14@37510:complete-observed-DB-export-field-ledger;e591363:current=no_intro_archive_descriptions.mergename;parser=src/no_intro_db_xml/reader.rs::parse_archive;observed-and-NUL-recovery-same-fields;no-numeric/flag/date/language-default-inference
no_intro_database	no_intro_archive_descriptions	mergeof	datafile/game/archive/@mergeof	no_intro_archive_merge_links	declared_mergeof	no_intro_archive_field_positions	optional;present-empty-literal-retained	none;no-source-default	MAMEC-DOC-14@37510:complete-observed-DB-export-field-ledger;e591363:current=no_intro_archive_merge_links.declared_mergeof;parser=src/no_intro_db_xml/reader.rs::parse_archive;position.relationship_id=same-canonical-declaration;no-resolved-target-copy;observed-and-NUL-recovery-same-fields;no-numeric/flag/date/language-default-inference
no_intro_database	no_intro_archive_descriptions	name	datafile/game/archive/@name	no_intro_archive_descriptions	name	no_intro_archive_field_positions	optional;NULL=absent;empty-retained;position-iff-present	none;no-source-default	MAMEC-DOC-14@37510:complete-observed-DB-export-field-ledger;e591363:current=no_intro_archive_descriptions.name;parser=src/no_intro_db_xml/reader.rs::parse_archive;observed-and-NUL-recovery-same-fields;no-numeric/flag/date/language-default-inference
no_intro_database	no_intro_archive_descriptions	name_alt	datafile/game/archive/@name_alt	no_intro_archive_descriptions	name_alt	no_intro_archive_field_positions	optional;NULL=absent;empty-retained;position-iff-present	none;no-source-default	MAMEC-DOC-14@37510:complete-observed-DB-export-field-ledger;e591363:current=no_intro_archive_descriptions.name_alt;parser=src/no_intro_db_xml/reader.rs::parse_archive;observed-and-NUL-recovery-same-fields;no-numeric/flag/date/language-default-inference
no_intro_database	no_intro_archive_descriptions	number	datafile/game/archive/@number	no_intro_archive_descriptions	number	no_intro_archive_field_positions	optional;NULL=absent;empty-retained;position-iff-present	none;no-source-default	MAMEC-DOC-14@37510:complete-observed-DB-export-field-ledger;e591363:current=no_intro_archive_descriptions.number;parser=src/no_intro_db_xml/reader.rs::parse_archive;observed-and-NUL-recovery-same-fields;no-numeric/flag/date/language-default-inference
no_intro_database	no_intro_archive_descriptions	physical	datafile/game/archive/@physical	no_intro_archive_descriptions	physical	no_intro_archive_field_positions	optional;NULL=absent;empty-retained;position-iff-present	none;no-source-default	MAMEC-DOC-14@37510:complete-observed-DB-export-field-ledger;e591363:current=no_intro_archive_descriptions.physical;parser=src/no_intro_db_xml/reader.rs::parse_archive;observed-and-NUL-recovery-same-fields;no-numeric/flag/date/language-default-inference
no_intro_database	no_intro_archive_descriptions	region	datafile/game/archive/@region	no_intro_archive_descriptions	region	no_intro_archive_field_positions	optional;NULL=absent;empty-retained;position-iff-present	none;no-source-default	MAMEC-DOC-14@37510:complete-observed-DB-export-field-ledger;e591363:current=no_intro_archive_descriptions.region;parser=src/no_intro_db_xml/reader.rs::parse_archive;observed-and-NUL-recovery-same-fields;no-numeric/flag/date/language-default-inference
no_intro_database	no_intro_archive_descriptions	regparent	datafile/game/archive/@regparent	no_intro_archive_descriptions	regparent	no_intro_archive_field_positions	optional;NULL=absent;empty-retained;position-iff-present	none;no-source-default	MAMEC-DOC-14@37510:complete-observed-DB-export-field-ledger;e591363:current=no_intro_archive_descriptions.regparent;parser=src/no_intro_db_xml/reader.rs::parse_archive;observed-and-NUL-recovery-same-fields;no-numeric/flag/date/language-default-inference
no_intro_database	no_intro_archive_descriptions	showlang	datafile/game/archive/@showlang	no_intro_archive_descriptions	showlang	no_intro_archive_field_positions	optional;NULL=absent;empty-retained;position-iff-present	none;no-source-default	MAMEC-DOC-14@37510:complete-observed-DB-export-field-ledger;e591363:current=no_intro_archive_descriptions.showlang;parser=src/no_intro_db_xml/reader.rs::parse_archive;observed-and-NUL-recovery-same-fields;no-numeric/flag/date/language-default-inference
no_intro_database	no_intro_archive_descriptions	special1	datafile/game/archive/@special1	no_intro_archive_descriptions	special1	no_intro_archive_field_positions	optional;NULL=absent;empty-retained;position-iff-present	none;no-source-default	MAMEC-DOC-14@37510:complete-observed-DB-export-field-ledger;e591363:current=no_intro_archive_descriptions.special1;parser=src/no_intro_db_xml/reader.rs::parse_archive;observed-and-NUL-recovery-same-fields;no-numeric/flag/date/language-default-inference
no_intro_database	no_intro_archive_descriptions	special2	datafile/game/archive/@special2	no_intro_archive_descriptions	special2	no_intro_archive_field_positions	optional;NULL=absent;empty-retained;position-iff-present	none;no-source-default	MAMEC-DOC-14@37510:complete-observed-DB-export-field-ledger;e591363:current=no_intro_archive_descriptions.special2;parser=src/no_intro_db_xml/reader.rs::parse_archive;observed-and-NUL-recovery-same-fields;no-numeric/flag/date/language-default-inference
no_intro_database	no_intro_archive_descriptions	sticky_note	datafile/game/archive/@sticky_note	no_intro_archive_descriptions	sticky_note	no_intro_archive_field_positions	optional;NULL=absent;empty-retained;position-iff-present	none;no-source-default	MAMEC-DOC-14@37510:complete-observed-DB-export-field-ledger;e591363:current=no_intro_archive_descriptions.sticky_note;parser=src/no_intro_db_xml/reader.rs::parse_archive;observed-and-NUL-recovery-same-fields;no-numeric/flag/date/language-default-inference
no_intro_database	no_intro_archive_descriptions	version1	datafile/game/archive/@version1	no_intro_archive_descriptions	version1	no_intro_archive_field_positions	optional;NULL=absent;empty-retained;position-iff-present	none;no-source-default	MAMEC-DOC-14@37510:complete-observed-DB-export-field-ledger;e591363:current=no_intro_archive_descriptions.version1;parser=src/no_intro_db_xml/reader.rs::parse_archive;observed-and-NUL-recovery-same-fields;no-numeric/flag/date/language-default-inference
no_intro_database	no_intro_archive_descriptions	version2	datafile/game/archive/@version2	no_intro_archive_descriptions	version2	no_intro_archive_field_positions	optional;NULL=absent;empty-retained;position-iff-present	none;no-source-default	MAMEC-DOC-14@37510:complete-observed-DB-export-field-ledger;e591363:current=no_intro_archive_descriptions.version2;parser=src/no_intro_db_xml/reader.rs::parse_archive;observed-and-NUL-recovery-same-fields;no-numeric/flag/date/language-default-inference
no_intro_database	no_intro_dump_details	comment1	datafile/game/source/details/@comment1	no_intro_dump_details	comment1	no_intro_dump_details_field_positions	optional;NULL=absent;empty-retained;position-iff-present	none;no-source-default	MAMEC-DOC-14@37510:complete-observed-DB-export-field-ledger;e591363:current=no_intro_dump_details.comment1;parser=src/no_intro_db_xml/reader.rs::parse_source_details;observed-and-NUL-recovery-same-fields;no-numeric/flag/date/language-default-inference
no_intro_database	no_intro_dump_details	comment2	datafile/game/source/details/@comment2	no_intro_dump_details	comment2	no_intro_dump_details_field_positions	optional;NULL=absent;empty-retained;position-iff-present	none;no-source-default	MAMEC-DOC-14@37510:complete-observed-DB-export-field-ledger;e591363:current=no_intro_dump_details.comment2;parser=src/no_intro_db_xml/reader.rs::parse_source_details;observed-and-NUL-recovery-same-fields;no-numeric/flag/date/language-default-inference
no_intro_database	no_intro_dump_details	d_date	datafile/game/source/details/@d_date	no_intro_dump_details	d_date	no_intro_dump_details_field_positions	optional;NULL=absent;empty-retained;position-iff-present	none;no-source-default	MAMEC-DOC-14@37510:complete-observed-DB-export-field-ledger;e591363:current=no_intro_dump_details.d_date;parser=src/no_intro_db_xml/reader.rs::parse_source_details;observed-and-NUL-recovery-same-fields;no-numeric/flag/date/language-default-inference
no_intro_database	no_intro_dump_details	d_date_info	datafile/game/source/details/@d_date_info	no_intro_dump_details	d_date_info	no_intro_dump_details_field_positions	optional;NULL=absent;empty-retained;position-iff-present	none;no-source-default	MAMEC-DOC-14@37510:complete-observed-DB-export-field-ledger;e591363:current=no_intro_dump_details.d_date_info;parser=src/no_intro_db_xml/reader.rs::parse_source_details;observed-and-NUL-recovery-same-fields;no-numeric/flag/date/language-default-inference
no_intro_database	no_intro_dump_details	dumper	datafile/game/source/details/@dumper	no_intro_dump_details	dumper	no_intro_dump_details_field_positions	optional;NULL=absent;empty-retained;position-iff-present	none;no-source-default	MAMEC-DOC-14@37510:complete-observed-DB-export-field-ledger;e591363:current=no_intro_dump_details.dumper;parser=src/no_intro_db_xml/reader.rs::parse_source_details;observed-and-NUL-recovery-same-fields;no-numeric/flag/date/language-default-inference
no_intro_database	no_intro_dump_details	id	datafile/game/source/details/@id	no_intro_dump_details	id	no_intro_dump_details_field_positions	optional;NULL=absent;empty-retained;position-iff-present	none;no-source-default	MAMEC-DOC-14@37510:complete-observed-DB-export-field-ledger;e591363:current=no_intro_dump_details.id;parser=src/no_intro_db_xml/reader.rs::parse_source_details;observed-and-NUL-recovery-same-fields;no-numeric/flag/date/language-default-inference
no_intro_database	no_intro_dump_details	link1	datafile/game/source/details/@link1	no_intro_dump_details	link1	no_intro_dump_details_field_positions	optional;NULL=absent;empty-retained;position-iff-present	none;no-source-default	MAMEC-DOC-14@37510:complete-observed-DB-export-field-ledger;e591363:current=no_intro_dump_details.link1;parser=src/no_intro_db_xml/reader.rs::parse_source_details;observed-and-NUL-recovery-same-fields;no-numeric/flag/date/language-default-inference
no_intro_database	no_intro_dump_details	link2	datafile/game/source/details/@link2	no_intro_dump_details	link2	no_intro_dump_details_field_positions	optional;NULL=absent;empty-retained;position-iff-present	none;no-source-default	MAMEC-DOC-14@37510:complete-observed-DB-export-field-ledger;e591363:current=no_intro_dump_details.link2;parser=src/no_intro_db_xml/reader.rs::parse_source_details;observed-and-NUL-recovery-same-fields;no-numeric/flag/date/language-default-inference
no_intro_database	no_intro_dump_details	link3	datafile/game/source/details/@link3	no_intro_dump_details	link3	no_intro_dump_details_field_positions	optional;NULL=absent;empty-retained;position-iff-present	none;no-source-default	MAMEC-DOC-14@37510:complete-observed-DB-export-field-ledger;e591363:current=no_intro_dump_details.link3;parser=src/no_intro_db_xml/reader.rs::parse_source_details;observed-and-NUL-recovery-same-fields;no-numeric/flag/date/language-default-inference
no_intro_database	no_intro_dump_details	media_title	datafile/game/source/details/@media_title	no_intro_dump_details	media_title	no_intro_dump_details_field_positions	optional;NULL=absent;empty-retained;position-iff-present	none;no-source-default	MAMEC-DOC-14@37510:complete-observed-DB-export-field-ledger;e591363:current=no_intro_dump_details.media_title;parser=src/no_intro_db_xml/reader.rs::parse_source_details;observed-and-NUL-recovery-same-fields;no-numeric/flag/date/language-default-inference
no_intro_database	no_intro_dump_details	nodump	datafile/game/source/details/@nodump	no_intro_dump_details	nodump	no_intro_dump_details_field_positions	optional;NULL=absent;empty-retained;position-iff-present	none;no-source-default	MAMEC-DOC-14@37510:complete-observed-DB-export-field-ledger;e591363:current=no_intro_dump_details.nodump;parser=src/no_intro_db_xml/reader.rs::parse_source_details;observed-and-NUL-recovery-same-fields;no-numeric/flag/date/language-default-inference
no_intro_database	no_intro_dump_details	origin	datafile/game/source/details/@origin	no_intro_dump_details	origin	no_intro_dump_details_field_positions	optional;NULL=absent;empty-retained;position-iff-present	none;no-source-default	MAMEC-DOC-14@37510:complete-observed-DB-export-field-ledger;e591363:current=no_intro_dump_details.origin;parser=src/no_intro_db_xml/reader.rs::parse_source_details;observed-and-NUL-recovery-same-fields;no-numeric/flag/date/language-default-inference
no_intro_database	no_intro_dump_details	originalformat	datafile/game/source/details/@originalformat	no_intro_dump_details	originalformat	no_intro_dump_details_field_positions	optional;NULL=absent;empty-retained;position-iff-present	none;no-source-default	MAMEC-DOC-14@37510:complete-observed-DB-export-field-ledger;e591363:current=no_intro_dump_details.originalformat;parser=src/no_intro_db_xml/reader.rs::parse_source_details;observed-and-NUL-recovery-same-fields;no-numeric/flag/date/language-default-inference
no_intro_database	no_intro_dump_details	project	datafile/game/source/details/@project	no_intro_dump_details	project	no_intro_dump_details_field_positions	optional;NULL=absent;empty-retained;position-iff-present	none;no-source-default	MAMEC-DOC-14@37510:complete-observed-DB-export-field-ledger;e591363:current=no_intro_dump_details.project;parser=src/no_intro_db_xml/reader.rs::parse_source_details;observed-and-NUL-recovery-same-fields;no-numeric/flag/date/language-default-inference
no_intro_database	no_intro_dump_details	r_date	datafile/game/source/details/@r_date	no_intro_dump_details	r_date	no_intro_dump_details_field_positions	optional;NULL=absent;empty-retained;position-iff-present	none;no-source-default	MAMEC-DOC-14@37510:complete-observed-DB-export-field-ledger;e591363:current=no_intro_dump_details.r_date;parser=src/no_intro_db_xml/reader.rs::parse_source_details;observed-and-NUL-recovery-same-fields;no-numeric/flag/date/language-default-inference
no_intro_database	no_intro_dump_details	r_date_info	datafile/game/source/details/@r_date_info	no_intro_dump_details	r_date_info	no_intro_dump_details_field_positions	optional;NULL=absent;empty-retained;position-iff-present	none;no-source-default	MAMEC-DOC-14@37510:complete-observed-DB-export-field-ledger;e591363:current=no_intro_dump_details.r_date_info;parser=src/no_intro_db_xml/reader.rs::parse_source_details;observed-and-NUL-recovery-same-fields;no-numeric/flag/date/language-default-inference
no_intro_database	no_intro_dump_details	region	datafile/game/source/details/@region	no_intro_dump_details	region	no_intro_dump_details_field_positions	optional;NULL=absent;empty-retained;position-iff-present	none;no-source-default	MAMEC-DOC-14@37510:complete-observed-DB-export-field-ledger;e591363:current=no_intro_dump_details.region;parser=src/no_intro_db_xml/reader.rs::parse_source_details;observed-and-NUL-recovery-same-fields;no-numeric/flag/date/language-default-inference
no_intro_database	no_intro_dump_details	rominfo	datafile/game/source/details/@rominfo	no_intro_dump_details	rominfo	no_intro_dump_details_field_positions	optional;NULL=absent;empty-retained;position-iff-present	none;no-source-default	MAMEC-DOC-14@37510:complete-observed-DB-export-field-ledger;e591363:current=no_intro_dump_details.rominfo;parser=src/no_intro_db_xml/reader.rs::parse_source_details;observed-and-NUL-recovery-same-fields;no-numeric/flag/date/language-default-inference
no_intro_database	no_intro_dump_details	section	datafile/game/source/details/@section	no_intro_dump_details	section	no_intro_dump_details_field_positions	optional;NULL=absent;empty-retained;position-iff-present	none;no-source-default	MAMEC-DOC-14@37510:complete-observed-DB-export-field-ledger;e591363:current=no_intro_dump_details.section;parser=src/no_intro_db_xml/reader.rs::parse_source_details;observed-and-NUL-recovery-same-fields;no-numeric/flag/date/language-default-inference
no_intro_database	no_intro_dump_details	tool	datafile/game/source/details/@tool	no_intro_dump_details	tool	no_intro_dump_details_field_positions	optional;NULL=absent;empty-retained;position-iff-present	none;no-source-default	MAMEC-DOC-14@37510:complete-observed-DB-export-field-ledger;e591363:current=no_intro_dump_details.tool;parser=src/no_intro_db_xml/reader.rs::parse_source_details;observed-and-NUL-recovery-same-fields;no-numeric/flag/date/language-default-inference
no_intro_database	no_intro_dump_serials	box_barcode	datafile/game/source/serials/@box_barcode	no_intro_dump_serials	box_barcode	no_intro_dump_serials_field_positions	optional;NULL=absent;empty-retained;position-iff-present	none;no-source-default	MAMEC-DOC-14@37510:complete-observed-DB-export-field-ledger;e591363:current=no_intro_dump_serials.box_barcode;parser=src/no_intro_db_xml/reader.rs::parse_source_serials;observed-and-NUL-recovery-same-fields;no-numeric/flag/date/language-default-inference
no_intro_database	no_intro_dump_serials	box_serial	datafile/game/source/serials/@box_serial	no_intro_dump_serials	box_serial	no_intro_dump_serials_field_positions	optional;NULL=absent;empty-retained;position-iff-present	none;no-source-default	MAMEC-DOC-14@37510:complete-observed-DB-export-field-ledger;e591363:current=no_intro_dump_serials.box_serial;parser=src/no_intro_db_xml/reader.rs::parse_source_serials;observed-and-NUL-recovery-same-fields;no-numeric/flag/date/language-default-inference
no_intro_database	no_intro_dump_serials	chip_serial	datafile/game/source/serials/@chip_serial	no_intro_dump_serials	chip_serial	no_intro_dump_serials_field_positions	optional;NULL=absent;empty-retained;position-iff-present	none;no-source-default	MAMEC-DOC-14@37510:complete-observed-DB-export-field-ledger;e591363:current=no_intro_dump_serials.chip_serial;parser=src/no_intro_db_xml/reader.rs::parse_source_serials;observed-and-NUL-recovery-same-fields;no-numeric/flag/date/language-default-inference
no_intro_database	no_intro_dump_serials	digital_serial1	datafile/game/source/serials/@digital_serial1	no_intro_dump_serials	digital_serial1	no_intro_dump_serials_field_positions	optional;NULL=absent;empty-retained;position-iff-present	none;no-source-default	MAMEC-DOC-14@37510:complete-observed-DB-export-field-ledger;e591363:current=no_intro_dump_serials.digital_serial1;parser=src/no_intro_db_xml/reader.rs::parse_source_serials;observed-and-NUL-recovery-same-fields;no-numeric/flag/date/language-default-inference
no_intro_database	no_intro_dump_serials	digital_serial2	datafile/game/source/serials/@digital_serial2	no_intro_dump_serials	digital_serial2	no_intro_dump_serials_field_positions	optional;NULL=absent;empty-retained;position-iff-present	none;no-source-default	MAMEC-DOC-14@37510:complete-observed-DB-export-field-ledger;e591363:current=no_intro_dump_serials.digital_serial2;parser=src/no_intro_db_xml/reader.rs::parse_source_serials;observed-and-NUL-recovery-same-fields;no-numeric/flag/date/language-default-inference
no_intro_database	no_intro_dump_serials	lockout_serial	datafile/game/source/serials/@lockout_serial	no_intro_dump_serials	lockout_serial	no_intro_dump_serials_field_positions	optional;NULL=absent;empty-retained;position-iff-present	none;no-source-default	MAMEC-DOC-14@37510:complete-observed-DB-export-field-ledger;e591363:current=no_intro_dump_serials.lockout_serial;parser=src/no_intro_db_xml/reader.rs::parse_source_serials;observed-and-NUL-recovery-same-fields;no-numeric/flag/date/language-default-inference
no_intro_database	no_intro_dump_serials	media_serial1	datafile/game/source/serials/@media_serial1	no_intro_dump_serials	media_serial1	no_intro_dump_serials_field_positions	optional;NULL=absent;empty-retained;position-iff-present	none;no-source-default	MAMEC-DOC-14@37510:complete-observed-DB-export-field-ledger;e591363:current=no_intro_dump_serials.media_serial1;parser=src/no_intro_db_xml/reader.rs::parse_source_serials;observed-and-NUL-recovery-same-fields;no-numeric/flag/date/language-default-inference
no_intro_database	no_intro_dump_serials	media_serial2	datafile/game/source/serials/@media_serial2	no_intro_dump_serials	media_serial2	no_intro_dump_serials_field_positions	optional;NULL=absent;empty-retained;position-iff-present	none;no-source-default	MAMEC-DOC-14@37510:complete-observed-DB-export-field-ledger;e591363:current=no_intro_dump_serials.media_serial2;parser=src/no_intro_db_xml/reader.rs::parse_source_serials;observed-and-NUL-recovery-same-fields;no-numeric/flag/date/language-default-inference
no_intro_database	no_intro_dump_serials	media_serial3	datafile/game/source/serials/@media_serial3	no_intro_dump_serials	media_serial3	no_intro_dump_serials_field_positions	optional;NULL=absent;empty-retained;position-iff-present	none;no-source-default	MAMEC-DOC-14@37510:complete-observed-DB-export-field-ledger;e591363:current=no_intro_dump_serials.media_serial3;parser=src/no_intro_db_xml/reader.rs::parse_source_serials;observed-and-NUL-recovery-same-fields;no-numeric/flag/date/language-default-inference
no_intro_database	no_intro_dump_serials	mediastamp	datafile/game/source/serials/@mediastamp	no_intro_dump_serials	mediastamp	no_intro_dump_serials_field_positions	optional;NULL=absent;empty-retained;position-iff-present	none;no-source-default	MAMEC-DOC-14@37510:complete-observed-DB-export-field-ledger;e591363:current=no_intro_dump_serials.mediastamp;parser=src/no_intro_db_xml/reader.rs::parse_source_serials;observed-and-NUL-recovery-same-fields;no-numeric/flag/date/language-default-inference
no_intro_database	no_intro_dump_serials	pcb_serial	datafile/game/source/serials/@pcb_serial	no_intro_dump_serials	pcb_serial	no_intro_dump_serials_field_positions	optional;NULL=absent;empty-retained;position-iff-present	none;no-source-default	MAMEC-DOC-14@37510:complete-observed-DB-export-field-ledger;e591363:current=no_intro_dump_serials.pcb_serial;parser=src/no_intro_db_xml/reader.rs::parse_source_serials;observed-and-NUL-recovery-same-fields;no-numeric/flag/date/language-default-inference
no_intro_database	no_intro_dump_serials	romchip_serial1	datafile/game/source/serials/@romchip_serial1	no_intro_dump_serials	romchip_serial1	no_intro_dump_serials_field_positions	optional;NULL=absent;empty-retained;position-iff-present	none;no-source-default	MAMEC-DOC-14@37510:complete-observed-DB-export-field-ledger;e591363:current=no_intro_dump_serials.romchip_serial1;parser=src/no_intro_db_xml/reader.rs::parse_source_serials;observed-and-NUL-recovery-same-fields;no-numeric/flag/date/language-default-inference
no_intro_database	no_intro_dump_serials	romchip_serial2	datafile/game/source/serials/@romchip_serial2	no_intro_dump_serials	romchip_serial2	no_intro_dump_serials_field_positions	optional;NULL=absent;empty-retained;position-iff-present	none;no-source-default	MAMEC-DOC-14@37510:complete-observed-DB-export-field-ledger;e591363:current=no_intro_dump_serials.romchip_serial2;parser=src/no_intro_db_xml/reader.rs::parse_source_serials;observed-and-NUL-recovery-same-fields;no-numeric/flag/date/language-default-inference
no_intro_database	no_intro_dump_serials	savechip_serial	datafile/game/source/serials/@savechip_serial	no_intro_dump_serials	savechip_serial	no_intro_dump_serials_field_positions	optional;NULL=absent;empty-retained;position-iff-present	none;no-source-default	MAMEC-DOC-14@37510:complete-observed-DB-export-field-ledger;e591363:current=no_intro_dump_serials.savechip_serial;parser=src/no_intro_db_xml/reader.rs::parse_source_serials;observed-and-NUL-recovery-same-fields;no-numeric/flag/date/language-default-inference
no_intro_database	no_intro_dump_files	bad	datafile/game/source/file/@bad	no_intro_dump_files	bad	no_intro_dump_file_field_positions	optional;NULL=absent;empty-retained;position-iff-present	none;no-source-default	MAMEC-DOC-14@37510:complete-observed-DB-export-field-ledger;e591363:current=no_intro_dump_files.bad;parser=src/no_intro_db_xml/reader.rs::parse_source_file;observed-and-NUL-recovery-same-fields;no-numeric/flag/date/language-default-inference
no_intro_database	no_intro_dump_files	crc32	datafile/game/source/file/@crc32	declared_catalog_hash_text	declared_text	no_intro_dump_file_field_positions	optional;absent=no-declaration/position;empty/invalid/value-retained	none;no-source-default	MAMEC-DOC-14@37510:complete-observed-DB-export-field-ledger;e591363:current=no_intro_dump_file_digests.digest_id/invalid_literal;parser=src/no_intro_db_xml/reader.rs::parse_source_file;position.reported_hash_id->catalog_entry_hashes->hash_values;valid-lowercase-from-bytes;invalid-subtype-required;scope=unknown;observed-and-NUL-recovery-same-fields;no-numeric/flag/date/language-default-inference
no_intro_database	no_intro_dump_files	date	datafile/game/source/file/@date	no_intro_dump_files	date	no_intro_dump_file_field_positions	optional;NULL=absent;empty-retained;position-iff-present	none;no-source-default	MAMEC-DOC-14@37510:complete-observed-DB-export-field-ledger;e591363:current=no_intro_dump_files.date;parser=src/no_intro_db_xml/reader.rs::parse_source_file;observed-and-NUL-recovery-same-fields;no-numeric/flag/date/language-default-inference
no_intro_database	no_intro_dump_files	extension	datafile/game/source/file/@extension	no_intro_dump_files	extension	no_intro_dump_file_field_positions	optional;NULL=absent;empty-retained;position-iff-present	none;no-source-default	MAMEC-DOC-14@37510:complete-observed-DB-export-field-ledger;e591363:current=no_intro_dump_files.extension;parser=src/no_intro_db_xml/reader.rs::parse_source_file;observed-and-NUL-recovery-same-fields;no-numeric/flag/date/language-default-inference
no_intro_database	no_intro_dump_files	filter	datafile/game/source/file/@filter	no_intro_dump_files	filter	no_intro_dump_file_field_positions	optional;NULL=absent;empty-retained;position-iff-present	none;no-source-default	MAMEC-DOC-14@37510:complete-observed-DB-export-field-ledger;e591363:current=no_intro_dump_files.filter;parser=src/no_intro_db_xml/reader.rs::parse_source_file;observed-and-NUL-recovery-same-fields;no-numeric/flag/date/language-default-inference
no_intro_database	no_intro_dump_files	forcename	datafile/game/source/file/@forcename	no_intro_dump_files	forcename	no_intro_dump_file_field_positions	optional;NULL=absent;empty-retained;position-iff-present	none;no-source-default	MAMEC-DOC-14@37510:complete-observed-DB-export-field-ledger;e591363:current=no_intro_dump_files.forcename;parser=src/no_intro_db_xml/reader.rs::parse_source_file;observed-and-NUL-recovery-same-fields;no-numeric/flag/date/language-default-inference
no_intro_database	no_intro_dump_files	forcescenename	datafile/game/source/file/@forcescenename	no_intro_dump_files	forcescenename	no_intro_dump_file_field_positions	optional;NULL=absent;empty-retained;position-iff-present	none;no-source-default	MAMEC-DOC-14@37510:complete-observed-DB-export-field-ledger;e591363:current=no_intro_dump_files.forcescenename;parser=src/no_intro_db_xml/reader.rs::parse_source_file;observed-and-NUL-recovery-same-fields;no-numeric/flag/date/language-default-inference
no_intro_database	no_intro_dump_files	format	datafile/game/source/file/@format	no_intro_dump_files	format	no_intro_dump_file_field_positions	optional;NULL=absent;empty-retained;position-iff-present	none;no-source-default	MAMEC-DOC-14@37510:complete-observed-DB-export-field-ledger;e591363:current=no_intro_dump_files.format;parser=src/no_intro_db_xml/reader.rs::parse_source_file;observed-and-NUL-recovery-same-fields;no-numeric/flag/date/language-default-inference
no_intro_database	no_intro_dump_files	header	datafile/game/source/file/@header	no_intro_dump_files	header	no_intro_dump_file_field_positions	optional;NULL=absent;empty-retained;position-iff-present	none;no-source-default	MAMEC-DOC-14@37510:complete-observed-DB-export-field-ledger;e591363:current=no_intro_dump_files.header;parser=src/no_intro_db_xml/reader.rs::parse_source_file;observed-and-NUL-recovery-same-fields;no-numeric/flag/date/language-default-inference
no_intro_database	no_intro_dump_files	id	datafile/game/source/file/@id	no_intro_dump_files	id	no_intro_dump_file_field_positions	optional;NULL=absent;empty-retained;position-iff-present	none;no-source-default	MAMEC-DOC-14@37510:complete-observed-DB-export-field-ledger;e591363:current=no_intro_dump_files.id;parser=src/no_intro_db_xml/reader.rs::parse_source_file;observed-and-NUL-recovery-same-fields;no-numeric/flag/date/language-default-inference
no_intro_database	no_intro_dump_files	item	datafile/game/source/file/@item	no_intro_dump_files	item	no_intro_dump_file_field_positions	optional;NULL=absent;empty-retained;position-iff-present	none;no-source-default	MAMEC-DOC-14@37510:complete-observed-DB-export-field-ledger;e591363:current=no_intro_dump_files.item;parser=src/no_intro_db_xml/reader.rs::parse_source_file;observed-and-NUL-recovery-same-fields;no-numeric/flag/date/language-default-inference
no_intro_database	no_intro_dump_files	md5	datafile/game/source/file/@md5	declared_catalog_hash_text	declared_text	no_intro_dump_file_field_positions	optional;absent=no-declaration/position;empty/invalid/value-retained	none;no-source-default	MAMEC-DOC-14@37510:complete-observed-DB-export-field-ledger;e591363:current=no_intro_dump_file_digests.digest_id/invalid_literal;parser=src/no_intro_db_xml/reader.rs::parse_source_file;position.reported_hash_id->catalog_entry_hashes->hash_values;valid-lowercase-from-bytes;invalid-subtype-required;scope=unknown;observed-and-NUL-recovery-same-fields;no-numeric/flag/date/language-default-inference
no_intro_database	no_intro_dump_files	mia	datafile/game/source/file/@mia	no_intro_dump_files	mia	no_intro_dump_file_field_positions	optional;NULL=absent;empty-retained;position-iff-present	none;no-source-default	MAMEC-DOC-14@37510:complete-observed-DB-export-field-ledger;e591363:current=no_intro_dump_files.mia;parser=src/no_intro_db_xml/reader.rs::parse_source_file;observed-and-NUL-recovery-same-fields;no-numeric/flag/date/language-default-inference
no_intro_database	no_intro_dump_files	note	datafile/game/source/file/@note	no_intro_dump_files	note	no_intro_dump_file_field_positions	optional;NULL=absent;empty-retained;position-iff-present	none;no-source-default	MAMEC-DOC-14@37510:complete-observed-DB-export-field-ledger;e591363:current=no_intro_dump_files.note;parser=src/no_intro_db_xml/reader.rs::parse_source_file;observed-and-NUL-recovery-same-fields;no-numeric/flag/date/language-default-inference
no_intro_database	no_intro_dump_files	origin_sha256	datafile/game/source/file/@origin_sha256	declared_catalog_hash_text	declared_text	no_intro_dump_file_field_positions	optional;absent=no-declaration/position;empty/invalid/value-retained	none;no-source-default	MAMEC-DOC-14@37510:complete-observed-DB-export-field-ledger;e591363:current=no_intro_dump_file_digests.digest_id/invalid_literal;parser=src/no_intro_db_xml/reader.rs::parse_source_file;position.reported_hash_id->catalog_entry_hashes->hash_values;valid-lowercase-from-bytes;invalid-subtype-required;scope=source_origin;observed-and-NUL-recovery-same-fields;no-numeric/flag/date/language-default-inference
no_intro_database	no_intro_dump_files	origin_size	datafile/game/source/file/@origin_size	no_intro_dump_files	origin_size	no_intro_dump_file_field_positions	optional;NULL=absent;empty-retained;position-iff-present	none;no-source-default	MAMEC-DOC-14@37510:complete-observed-DB-export-field-ledger;e591363:current=no_intro_dump_files.origin_size;parser=src/no_intro_db_xml/reader.rs::parse_source_file;observed-and-NUL-recovery-same-fields;no-numeric/flag/date/language-default-inference
no_intro_database	no_intro_dump_files	serial	datafile/game/source/file/@serial	no_intro_dump_files	serial	no_intro_dump_file_field_positions	optional;NULL=absent;empty-retained;position-iff-present	none;no-source-default	MAMEC-DOC-14@37510:complete-observed-DB-export-field-ledger;e591363:current=no_intro_dump_files.serial;parser=src/no_intro_db_xml/reader.rs::parse_source_file;observed-and-NUL-recovery-same-fields;no-numeric/flag/date/language-default-inference
no_intro_database	no_intro_dump_files	sha1	datafile/game/source/file/@sha1	declared_catalog_hash_text	declared_text	no_intro_dump_file_field_positions	optional;absent=no-declaration/position;empty/invalid/value-retained	none;no-source-default	MAMEC-DOC-14@37510:complete-observed-DB-export-field-ledger;e591363:current=no_intro_dump_file_digests.digest_id/invalid_literal;parser=src/no_intro_db_xml/reader.rs::parse_source_file;position.reported_hash_id->catalog_entry_hashes->hash_values;valid-lowercase-from-bytes;invalid-subtype-required;scope=unknown;observed-and-NUL-recovery-same-fields;no-numeric/flag/date/language-default-inference
no_intro_database	no_intro_dump_files	sha256	datafile/game/source/file/@sha256	declared_catalog_hash_text	declared_text	no_intro_dump_file_field_positions	optional;absent=no-declaration/position;empty/invalid/value-retained	none;no-source-default	MAMEC-DOC-14@37510:complete-observed-DB-export-field-ledger;e591363:current=no_intro_dump_file_digests.digest_id/invalid_literal;parser=src/no_intro_db_xml/reader.rs::parse_source_file;position.reported_hash_id->catalog_entry_hashes->hash_values;valid-lowercase-from-bytes;invalid-subtype-required;scope=unknown;observed-and-NUL-recovery-same-fields;no-numeric/flag/date/language-default-inference
no_intro_database	no_intro_dump_files	size	datafile/game/source/file/@size	no_intro_dump_files	size_text	no_intro_dump_file_field_positions	optional;NULL=absent;empty-retained;position-iff-present	none;no-source-default	MAMEC-DOC-14@37510:complete-observed-DB-export-field-ledger;e591363:current=no_intro_dump_files.source_size;parser=src/no_intro_db_xml/reader.rs::parse_source_file;opaque-text;checked-query-projection-separate;observed-and-NUL-recovery-same-fields;no-numeric/flag/date/language-default-inference
no_intro_database	no_intro_dump_files	unique	datafile/game/source/file/@unique	no_intro_dump_files	unique	no_intro_dump_file_field_positions	optional;NULL=absent;empty-retained;position-iff-present	none;no-source-default	MAMEC-DOC-14@37510:complete-observed-DB-export-field-ledger;e591363:current=no_intro_dump_files.unique;parser=src/no_intro_db_xml/reader.rs::parse_source_file;observed-and-NUL-recovery-same-fields;no-numeric/flag/date/language-default-inference
no_intro_database	no_intro_dump_files	update_type	datafile/game/source/file/@update_type	no_intro_dump_files	update_type	no_intro_dump_file_field_positions	optional;NULL=absent;empty-retained;position-iff-present	none;no-source-default	MAMEC-DOC-14@37510:complete-observed-DB-export-field-ledger;e591363:current=no_intro_dump_files.update_type;parser=src/no_intro_db_xml/reader.rs::parse_source_file;observed-and-NUL-recovery-same-fields;no-numeric/flag/date/language-default-inference
no_intro_database	no_intro_dump_files	version	datafile/game/source/file/@version	no_intro_dump_files	version	no_intro_dump_file_field_positions	optional;NULL=absent;empty-retained;position-iff-present	none;no-source-default	MAMEC-DOC-14@37510:complete-observed-DB-export-field-ledger;e591363:current=no_intro_dump_files.version;parser=src/no_intro_db_xml/reader.rs::parse_source_file;observed-and-NUL-recovery-same-fields;no-numeric/flag/date/language-default-inference
no_intro_database	no_intro_release_details	archivename	datafile/game/release/details/@archivename	no_intro_release_details	archivename	no_intro_release_details_field_positions	optional;NULL=absent;empty-retained;position-iff-present	none;no-source-default	MAMEC-DOC-14@37510:complete-observed-DB-export-field-ledger;e591363:current=no_intro_release_details.archivename;parser=src/no_intro_db_xml/reader.rs::parse_release_details;observed-and-NUL-recovery-same-fields;no-numeric/flag/date/language-default-inference
no_intro_database	no_intro_release_details	category	datafile/game/release/details/@category	no_intro_release_details	category	no_intro_release_details_field_positions	optional;NULL=absent;empty-retained;position-iff-present	none;no-source-default	MAMEC-DOC-14@37510:complete-observed-DB-export-field-ledger;e591363:current=no_intro_release_details.category;parser=src/no_intro_db_xml/reader.rs::parse_release_details;observed-and-NUL-recovery-same-fields;no-numeric/flag/date/language-default-inference
no_intro_database	no_intro_release_details	comment	datafile/game/release/details/@comment	no_intro_release_details	comment	no_intro_release_details_field_positions	optional;NULL=absent;empty-retained;position-iff-present	none;no-source-default	MAMEC-DOC-14@37510:complete-observed-DB-export-field-ledger;e591363:current=no_intro_release_details.comment;parser=src/no_intro_db_xml/reader.rs::parse_release_details;observed-and-NUL-recovery-same-fields;no-numeric/flag/date/language-default-inference
no_intro_database	no_intro_release_details	date	datafile/game/release/details/@date	no_intro_release_details	date	no_intro_release_details_field_positions	optional;NULL=absent;empty-retained;position-iff-present	none;no-source-default	MAMEC-DOC-14@37510:complete-observed-DB-export-field-ledger;e591363:current=no_intro_release_details.date;parser=src/no_intro_db_xml/reader.rs::parse_release_details;observed-and-NUL-recovery-same-fields;no-numeric/flag/date/language-default-inference
no_intro_database	no_intro_release_details	dirname	datafile/game/release/details/@dirname	no_intro_release_details	dirname	no_intro_release_details_field_positions	optional;NULL=absent;empty-retained;position-iff-present	none;no-source-default	MAMEC-DOC-14@37510:complete-observed-DB-export-field-ledger;e591363:current=no_intro_release_details.dirname;parser=src/no_intro_db_xml/reader.rs::parse_release_details;observed-and-NUL-recovery-same-fields;no-numeric/flag/date/language-default-inference
no_intro_database	no_intro_release_details	group	datafile/game/release/details/@group	no_intro_release_details	group	no_intro_release_details_field_positions	optional;NULL=absent;empty-retained;position-iff-present	none;no-source-default	MAMEC-DOC-14@37510:complete-observed-DB-export-field-ledger;e591363:current=no_intro_release_details.group;parser=src/no_intro_db_xml/reader.rs::parse_release_details;observed-and-NUL-recovery-same-fields;no-numeric/flag/date/language-default-inference
no_intro_database	no_intro_release_details	id	datafile/game/release/details/@id	no_intro_release_details	id	no_intro_release_details_field_positions	optional;NULL=absent;empty-retained;position-iff-present	none;no-source-default	MAMEC-DOC-14@37510:complete-observed-DB-export-field-ledger;e591363:current=no_intro_release_details.id;parser=src/no_intro_db_xml/reader.rs::parse_release_details;observed-and-NUL-recovery-same-fields;no-numeric/flag/date/language-default-inference
no_intro_database	no_intro_release_details	nfo_crc32	datafile/game/release/details/@nfo_crc32	no_intro_release_nfo_hashes	presence,hash_id,reported_text	no_intro_release_details_field_positions	optional;absent=no-NFO-declaration/position;empty/invalid/value-retained	none;no-source-default	MAMEC-DOC-14@37510:complete-observed-DB-export-field-ledger;e591363:current=no_intro_release_nfo_hashes.hash_id/invalid_literal[nfo_crc32];parser=src/no_intro_db_xml/reader.rs::parse_release_details;nonmedia;position.reported_nfo_hash_id->NFO-declaration;value.hash_id->hash_values.bytes(crc32);empty='';invalid=reported_text+invalid-subtype;never-file-UUID;observed-and-NUL-recovery-same-fields;no-numeric/flag/date/language-default-inference
no_intro_database	no_intro_release_details	nfo_size	datafile/game/release/details/@nfo_size	no_intro_release_details	nfo_size	no_intro_release_details_field_positions	optional;NULL=absent;empty-retained;position-iff-present	none;no-source-default	MAMEC-DOC-14@37510:complete-observed-DB-export-field-ledger;e591363:current=no_intro_release_details.nfo_size;parser=src/no_intro_db_xml/reader.rs::parse_release_details;observed-and-NUL-recovery-same-fields;no-numeric/flag/date/language-default-inference
no_intro_database	no_intro_release_details	nfocrc	datafile/game/release/details/@nfocrc	no_intro_release_nfo_hashes	presence,hash_id,reported_text	no_intro_release_details_field_positions	optional;absent=no-NFO-declaration/position;empty/invalid/value-retained	none;no-source-default	MAMEC-DOC-14@37510:complete-observed-DB-export-field-ledger;e591363:current=no_intro_release_nfo_hashes.hash_id/invalid_literal[nfocrc];parser=src/no_intro_db_xml/reader.rs::parse_release_details;nonmedia;position.reported_nfo_hash_id->NFO-declaration;value.hash_id->hash_values.bytes(crc32);empty='';invalid=reported_text+invalid-subtype;never-file-UUID;observed-and-NUL-recovery-same-fields;no-numeric/flag/date/language-default-inference
no_intro_database	no_intro_release_details	nfoname	datafile/game/release/details/@nfoname	no_intro_release_details	nfoname	no_intro_release_details_field_positions	optional;NULL=absent;empty-retained;position-iff-present	none;no-source-default	MAMEC-DOC-14@37510:complete-observed-DB-export-field-ledger;e591363:current=no_intro_release_details.nfoname;parser=src/no_intro_db_xml/reader.rs::parse_release_details;observed-and-NUL-recovery-same-fields;no-numeric/flag/date/language-default-inference
no_intro_database	no_intro_release_details	nfosize	datafile/game/release/details/@nfosize	no_intro_release_details	nfosize	no_intro_release_details_field_positions	optional;NULL=absent;empty-retained;position-iff-present	none;no-source-default	MAMEC-DOC-14@37510:complete-observed-DB-export-field-ledger;e591363:current=no_intro_release_details.nfosize;parser=src/no_intro_db_xml/reader.rs::parse_release_details;observed-and-NUL-recovery-same-fields;no-numeric/flag/date/language-default-inference
no_intro_database	no_intro_release_details	origin	datafile/game/release/details/@origin	no_intro_release_details	origin	no_intro_release_details_field_positions	optional;NULL=absent;empty-retained;position-iff-present	none;no-source-default	MAMEC-DOC-14@37510:complete-observed-DB-export-field-ledger;e591363:current=no_intro_release_details.origin;parser=src/no_intro_db_xml/reader.rs::parse_release_details;observed-and-NUL-recovery-same-fields;no-numeric/flag/date/language-default-inference
no_intro_database	no_intro_release_details	originalformat	datafile/game/release/details/@originalformat	no_intro_release_details	originalformat	no_intro_release_details_field_positions	optional;NULL=absent;empty-retained;position-iff-present	none;no-source-default	MAMEC-DOC-14@37510:complete-observed-DB-export-field-ledger;e591363:current=no_intro_release_details.originalformat;parser=src/no_intro_db_xml/reader.rs::parse_release_details;observed-and-NUL-recovery-same-fields;no-numeric/flag/date/language-default-inference
no_intro_database	no_intro_release_details	region	datafile/game/release/details/@region	no_intro_release_details	region	no_intro_release_details_field_positions	optional;NULL=absent;empty-retained;position-iff-present	none;no-source-default	MAMEC-DOC-14@37510:complete-observed-DB-export-field-ledger;e591363:current=no_intro_release_details.region;parser=src/no_intro_db_xml/reader.rs::parse_release_details;observed-and-NUL-recovery-same-fields;no-numeric/flag/date/language-default-inference
no_intro_database	no_intro_release_details	rominfo	datafile/game/release/details/@rominfo	no_intro_release_details	rominfo	no_intro_release_details_field_positions	optional;NULL=absent;empty-retained;position-iff-present	none;no-source-default	MAMEC-DOC-14@37510:complete-observed-DB-export-field-ledger;e591363:current=no_intro_release_details.rominfo;parser=src/no_intro_db_xml/reader.rs::parse_release_details;observed-and-NUL-recovery-same-fields;no-numeric/flag/date/language-default-inference
no_intro_database	no_intro_release_details	tool	datafile/game/release/details/@tool	no_intro_release_details	tool	no_intro_release_details_field_positions	optional;NULL=absent;empty-retained;position-iff-present	none;no-source-default	MAMEC-DOC-14@37510:complete-observed-DB-export-field-ledger;e591363:current=no_intro_release_details.tool;parser=src/no_intro_db_xml/reader.rs::parse_release_details;observed-and-NUL-recovery-same-fields;no-numeric/flag/date/language-default-inference
no_intro_database	no_intro_release_serials	box_barcode	datafile/game/release/serials/@box_barcode	no_intro_release_serials	box_barcode	no_intro_release_serials_field_positions	optional;NULL=absent;empty-retained;position-iff-present	none;no-source-default	MAMEC-DOC-14@37510:complete-observed-DB-export-field-ledger;e591363:current=no_intro_release_serials.box_barcode;parser=src/no_intro_db_xml/reader.rs::parse_release_serials;observed-and-NUL-recovery-same-fields;no-numeric/flag/date/language-default-inference
no_intro_database	no_intro_release_serials	box_serial	datafile/game/release/serials/@box_serial	no_intro_release_serials	box_serial	no_intro_release_serials_field_positions	optional;NULL=absent;empty-retained;position-iff-present	none;no-source-default	MAMEC-DOC-14@37510:complete-observed-DB-export-field-ledger;e591363:current=no_intro_release_serials.box_serial;parser=src/no_intro_db_xml/reader.rs::parse_release_serials;observed-and-NUL-recovery-same-fields;no-numeric/flag/date/language-default-inference
no_intro_database	no_intro_release_serials	media_serial1	datafile/game/release/serials/@media_serial1	no_intro_release_serials	media_serial1	no_intro_release_serials_field_positions	optional;NULL=absent;empty-retained;position-iff-present	none;no-source-default	MAMEC-DOC-14@37510:complete-observed-DB-export-field-ledger;e591363:current=no_intro_release_serials.media_serial1;parser=src/no_intro_db_xml/reader.rs::parse_release_serials;observed-and-NUL-recovery-same-fields;no-numeric/flag/date/language-default-inference
no_intro_database	no_intro_release_serials	mediastamp	datafile/game/release/serials/@mediastamp	no_intro_release_serials	mediastamp	no_intro_release_serials_field_positions	optional;NULL=absent;empty-retained;position-iff-present	none;no-source-default	MAMEC-DOC-14@37510:complete-observed-DB-export-field-ledger;e591363:current=no_intro_release_serials.mediastamp;parser=src/no_intro_db_xml/reader.rs::parse_release_serials;observed-and-NUL-recovery-same-fields;no-numeric/flag/date/language-default-inference
no_intro_database	no_intro_release_serials	pcb_serial	datafile/game/release/serials/@pcb_serial	no_intro_release_serials	pcb_serial	no_intro_release_serials_field_positions	optional;NULL=absent;empty-retained;position-iff-present	none;no-source-default	MAMEC-DOC-14@37510:complete-observed-DB-export-field-ledger;e591363:current=no_intro_release_serials.pcb_serial;parser=src/no_intro_db_xml/reader.rs::parse_release_serials;observed-and-NUL-recovery-same-fields;no-numeric/flag/date/language-default-inference
no_intro_database	no_intro_release_serials	romchip_serial1	datafile/game/release/serials/@romchip_serial1	no_intro_release_serials	romchip_serial1	no_intro_release_serials_field_positions	optional;NULL=absent;empty-retained;position-iff-present	none;no-source-default	MAMEC-DOC-14@37510:complete-observed-DB-export-field-ledger;e591363:current=no_intro_release_serials.romchip_serial1;parser=src/no_intro_db_xml/reader.rs::parse_release_serials;observed-and-NUL-recovery-same-fields;no-numeric/flag/date/language-default-inference
no_intro_database	no_intro_release_files	bad	datafile/game/release/file/@bad	no_intro_release_files	bad	no_intro_release_file_field_positions	optional;NULL=absent;empty-retained;position-iff-present	none;no-source-default	MAMEC-DOC-14@37510:complete-observed-DB-export-field-ledger;e591363:current=no_intro_release_files.bad;parser=src/no_intro_db_xml/reader.rs::parse_release_file;observed-and-NUL-recovery-same-fields;no-numeric/flag/date/language-default-inference
no_intro_database	no_intro_release_files	crc32	datafile/game/release/file/@crc32	declared_catalog_hash_text	declared_text	no_intro_release_file_field_positions	optional;absent=no-declaration/position;empty/invalid/value-retained	none;no-source-default	MAMEC-DOC-14@37510:complete-observed-DB-export-field-ledger;e591363:current=no_intro_release_file_digests.digest_id/invalid_literal;parser=src/no_intro_db_xml/reader.rs::parse_release_file;position.reported_hash_id->catalog_entry_hashes->hash_values;valid-lowercase-from-bytes;invalid-subtype-required;scope=unknown;observed-and-NUL-recovery-same-fields;no-numeric/flag/date/language-default-inference
no_intro_database	no_intro_release_files	extension	datafile/game/release/file/@extension	no_intro_release_files	extension	no_intro_release_file_field_positions	optional;NULL=absent;empty-retained;position-iff-present	none;no-source-default	MAMEC-DOC-14@37510:complete-observed-DB-export-field-ledger;e591363:current=no_intro_release_files.extension;parser=src/no_intro_db_xml/reader.rs::parse_release_file;observed-and-NUL-recovery-same-fields;no-numeric/flag/date/language-default-inference
no_intro_database	no_intro_release_files	forcename	datafile/game/release/file/@forcename	no_intro_release_files	forcename	no_intro_release_file_field_positions	optional;NULL=absent;empty-retained;position-iff-present	none;no-source-default	MAMEC-DOC-14@37510:complete-observed-DB-export-field-ledger;e591363:current=no_intro_release_files.forcename;parser=src/no_intro_db_xml/reader.rs::parse_release_file;observed-and-NUL-recovery-same-fields;no-numeric/flag/date/language-default-inference
no_intro_database	no_intro_release_files	forcescenename	datafile/game/release/file/@forcescenename	no_intro_release_files	forcescenename	no_intro_release_file_field_positions	optional;NULL=absent;empty-retained;position-iff-present	none;no-source-default	MAMEC-DOC-14@37510:complete-observed-DB-export-field-ledger;e591363:current=no_intro_release_files.forcescenename;parser=src/no_intro_db_xml/reader.rs::parse_release_file;observed-and-NUL-recovery-same-fields;no-numeric/flag/date/language-default-inference
no_intro_database	no_intro_release_files	format	datafile/game/release/file/@format	no_intro_release_files	format	no_intro_release_file_field_positions	optional;NULL=absent;empty-retained;position-iff-present	none;no-source-default	MAMEC-DOC-14@37510:complete-observed-DB-export-field-ledger;e591363:current=no_intro_release_files.format;parser=src/no_intro_db_xml/reader.rs::parse_release_file;observed-and-NUL-recovery-same-fields;no-numeric/flag/date/language-default-inference
no_intro_database	no_intro_release_files	header	datafile/game/release/file/@header	no_intro_release_files	header	no_intro_release_file_field_positions	optional;NULL=absent;empty-retained;position-iff-present	none;no-source-default	MAMEC-DOC-14@37510:complete-observed-DB-export-field-ledger;e591363:current=no_intro_release_files.header;parser=src/no_intro_db_xml/reader.rs::parse_release_file;observed-and-NUL-recovery-same-fields;no-numeric/flag/date/language-default-inference
no_intro_database	no_intro_release_files	id	datafile/game/release/file/@id	no_intro_release_files	id	no_intro_release_file_field_positions	optional;NULL=absent;empty-retained;position-iff-present	none;no-source-default	MAMEC-DOC-14@37510:complete-observed-DB-export-field-ledger;e591363:current=no_intro_release_files.id;parser=src/no_intro_db_xml/reader.rs::parse_release_file;observed-and-NUL-recovery-same-fields;no-numeric/flag/date/language-default-inference
no_intro_database	no_intro_release_files	item	datafile/game/release/file/@item	no_intro_release_files	item	no_intro_release_file_field_positions	optional;NULL=absent;empty-retained;position-iff-present	none;no-source-default	MAMEC-DOC-14@37510:complete-observed-DB-export-field-ledger;e591363:current=no_intro_release_files.item;parser=src/no_intro_db_xml/reader.rs::parse_release_file;observed-and-NUL-recovery-same-fields;no-numeric/flag/date/language-default-inference
no_intro_database	no_intro_release_files	md5	datafile/game/release/file/@md5	declared_catalog_hash_text	declared_text	no_intro_release_file_field_positions	optional;absent=no-declaration/position;empty/invalid/value-retained	none;no-source-default	MAMEC-DOC-14@37510:complete-observed-DB-export-field-ledger;e591363:current=no_intro_release_file_digests.digest_id/invalid_literal;parser=src/no_intro_db_xml/reader.rs::parse_release_file;position.reported_hash_id->catalog_entry_hashes->hash_values;valid-lowercase-from-bytes;invalid-subtype-required;scope=unknown;observed-and-NUL-recovery-same-fields;no-numeric/flag/date/language-default-inference
no_intro_database	no_intro_release_files	note	datafile/game/release/file/@note	no_intro_release_files	note	no_intro_release_file_field_positions	optional;NULL=absent;empty-retained;position-iff-present	none;no-source-default	MAMEC-DOC-14@37510:complete-observed-DB-export-field-ledger;e591363:current=no_intro_release_files.note;parser=src/no_intro_db_xml/reader.rs::parse_release_file;observed-and-NUL-recovery-same-fields;no-numeric/flag/date/language-default-inference
no_intro_database	no_intro_release_files	serial	datafile/game/release/file/@serial	no_intro_release_files	serial	no_intro_release_file_field_positions	optional;NULL=absent;empty-retained;position-iff-present	none;no-source-default	MAMEC-DOC-14@37510:complete-observed-DB-export-field-ledger;e591363:current=no_intro_release_files.serial;parser=src/no_intro_db_xml/reader.rs::parse_release_file;observed-and-NUL-recovery-same-fields;no-numeric/flag/date/language-default-inference
no_intro_database	no_intro_release_files	sha1	datafile/game/release/file/@sha1	declared_catalog_hash_text	declared_text	no_intro_release_file_field_positions	optional;absent=no-declaration/position;empty/invalid/value-retained	none;no-source-default	MAMEC-DOC-14@37510:complete-observed-DB-export-field-ledger;e591363:current=no_intro_release_file_digests.digest_id/invalid_literal;parser=src/no_intro_db_xml/reader.rs::parse_release_file;position.reported_hash_id->catalog_entry_hashes->hash_values;valid-lowercase-from-bytes;invalid-subtype-required;scope=unknown;observed-and-NUL-recovery-same-fields;no-numeric/flag/date/language-default-inference
no_intro_database	no_intro_release_files	sha256	datafile/game/release/file/@sha256	declared_catalog_hash_text	declared_text	no_intro_release_file_field_positions	optional;absent=no-declaration/position;empty/invalid/value-retained	none;no-source-default	MAMEC-DOC-14@37510:complete-observed-DB-export-field-ledger;e591363:current=no_intro_release_file_digests.digest_id/invalid_literal;parser=src/no_intro_db_xml/reader.rs::parse_release_file;position.reported_hash_id->catalog_entry_hashes->hash_values;valid-lowercase-from-bytes;invalid-subtype-required;scope=unknown;observed-and-NUL-recovery-same-fields;no-numeric/flag/date/language-default-inference
no_intro_database	no_intro_release_files	size	datafile/game/release/file/@size	no_intro_release_files	size_text	no_intro_release_file_field_positions	optional;NULL=absent;empty-retained;position-iff-present	none;no-source-default	MAMEC-DOC-14@37510:complete-observed-DB-export-field-ledger;e591363:current=no_intro_release_files.source_size;parser=src/no_intro_db_xml/reader.rs::parse_release_file;opaque-text;checked-query-projection-separate;observed-and-NUL-recovery-same-fields;no-numeric/flag/date/language-default-inference
no_intro_database	no_intro_release_files	update_type	datafile/game/release/file/@update_type	no_intro_release_files	update_type	no_intro_release_file_field_positions	optional;NULL=absent;empty-retained;position-iff-present	none;no-source-default	MAMEC-DOC-14@37510:complete-observed-DB-export-field-ledger;e591363:current=no_intro_release_files.update_type;parser=src/no_intro_db_xml/reader.rs::parse_release_file;observed-and-NUL-recovery-same-fields;no-numeric/flag/date/language-default-inference
no_intro_database	no_intro_release_files	version	datafile/game/release/file/@version	no_intro_release_files	version	no_intro_release_file_field_positions	optional;NULL=absent;empty-retained;position-iff-present	none;no-source-default	MAMEC-DOC-14@37510:complete-observed-DB-export-field-ledger;e591363:current=no_intro_release_files.version;parser=src/no_intro_db_xml/reader.rs::parse_release_file;observed-and-NUL-recovery-same-fields;no-numeric/flag/date/language-default-inference
no_intro_dat	no_intro_dat_documents	schemaLocation	datafile/@{http://www.w3.org/2001/XMLSchema-instance}schemaLocation	no_intro_dat_document_xsi_attributes	value_text,source_qname	no_intro_dat_document_xsi_attributes	optional;explicit-empty/whitespace-retained;contradictory-recognized-revision-rejected	none;absence=no-declaration/position	MAMEC-DOC-14@37510:target-flat-DAT-schema-instance-attribute-ownership;e591363:parser=src/no_intro_dat_xml/reader.rs::validate_attributes/resolve_narrowed_type;current=no_intro_dat_documents.schema_location(first-hint-only);capture-gap=source_qname/resolved-type/second-root-hint/nested-declarations;expanded-QName-not-prefix;ordinal-shared-with-native-attributes;even-XML-whitespace-token-count;not-DAT-text;SQL-shape-not-full-mode/QName/IDREF-validation-proof
no_intro_dat	no_intro_dat_documents	noNamespaceSchemaLocation	datafile/@{http://www.w3.org/2001/XMLSchema-instance}noNamespaceSchemaLocation	no_intro_dat_document_xsi_attributes	value_text,source_qname	no_intro_dat_document_xsi_attributes	optional;explicit-empty/whitespace-retained;contradictory-recognized-revision-rejected	none;absence=no-declaration/position	MAMEC-DOC-14@37510:target-flat-DAT-schema-instance-attribute-ownership;e591363:parser=src/no_intro_dat_xml/reader.rs::validate_attributes/resolve_narrowed_type;current=no_intro_dat_documents.schema_location(first-hint-only);capture-gap=source_qname/resolved-type/second-root-hint/nested-declarations;expanded-QName-not-prefix;ordinal-shared-with-native-attributes;not-DAT-text;SQL-shape-not-full-mode/QName/IDREF-validation-proof
no_intro_dat	no_intro_dat_documents	nil	datafile/@{http://www.w3.org/2001/XMLSchema-instance}nil	no_intro_dat_document_xsi_attributes	value_text,source_qname	no_intro_dat_document_xsi_attributes	optional;strict-reject-all;compatible-collapsed-false/0-only;decoded-spelling-retained	omitted-effective-not-nil;no-default-declaration/position	MAMEC-DOC-14@37510:target-flat-DAT-schema-instance-attribute-ownership;e591363:parser=src/no_intro_dat_xml/reader.rs::validate_attributes/resolve_narrowed_type;current=validated-but-not-persisted;capture-gap=source_qname/resolved-type/second-root-hint/nested-declarations;expanded-QName-not-prefix;ordinal-shared-with-native-attributes;not-DAT-text;SQL-shape-not-full-mode/QName/IDREF-validation-proof
no_intro_dat	no_intro_dat_headers	schemaLocation	datafile/header/@{http://www.w3.org/2001/XMLSchema-instance}schemaLocation	no_intro_dat_header_xsi_attributes	value_text,source_qname	no_intro_dat_header_xsi_attributes	optional;explicit-empty/whitespace-retained;contradictory-recognized-revision-rejected	none;absence=no-declaration/position	MAMEC-DOC-14@37510:target-flat-DAT-schema-instance-attribute-ownership;e591363:parser=src/no_intro_dat_xml/reader.rs::validate_attributes/resolve_narrowed_type;current=validated-but-not-persisted;capture-gap=source_qname/resolved-type/second-root-hint/nested-declarations;expanded-QName-not-prefix;ordinal-shared-with-native-attributes;even-XML-whitespace-token-count;not-DAT-text;SQL-shape-not-full-mode/QName/IDREF-validation-proof
no_intro_dat	no_intro_dat_headers	noNamespaceSchemaLocation	datafile/header/@{http://www.w3.org/2001/XMLSchema-instance}noNamespaceSchemaLocation	no_intro_dat_header_xsi_attributes	value_text,source_qname	no_intro_dat_header_xsi_attributes	optional;explicit-empty/whitespace-retained;contradictory-recognized-revision-rejected	none;absence=no-declaration/position	MAMEC-DOC-14@37510:target-flat-DAT-schema-instance-attribute-ownership;e591363:parser=src/no_intro_dat_xml/reader.rs::validate_attributes/resolve_narrowed_type;current=validated-but-not-persisted;capture-gap=source_qname/resolved-type/second-root-hint/nested-declarations;expanded-QName-not-prefix;ordinal-shared-with-native-attributes;not-DAT-text;SQL-shape-not-full-mode/QName/IDREF-validation-proof
no_intro_dat	no_intro_dat_headers	nil	datafile/header/@{http://www.w3.org/2001/XMLSchema-instance}nil	no_intro_dat_header_xsi_attributes	value_text,source_qname	no_intro_dat_header_xsi_attributes	optional;strict-reject-all;compatible-collapsed-false/0-only;decoded-spelling-retained	omitted-effective-not-nil;no-default-declaration/position	MAMEC-DOC-14@37510:target-flat-DAT-schema-instance-attribute-ownership;e591363:parser=src/no_intro_dat_xml/reader.rs::validate_attributes/resolve_narrowed_type;current=validated-but-not-persisted;capture-gap=source_qname/resolved-type/second-root-hint/nested-declarations;expanded-QName-not-prefix;ordinal-shared-with-native-attributes;not-DAT-text;SQL-shape-not-full-mode/QName/IDREF-validation-proof
no_intro_dat	no_intro_dat_header_text_children	schemaLocation	datafile/header/id/@{http://www.w3.org/2001/XMLSchema-instance}schemaLocation	no_intro_dat_header_text_child_xsi_attributes	value_text,source_qname	no_intro_dat_header_text_child_xsi_attributes	optional;explicit-empty/whitespace-retained;contradictory-recognized-revision-rejected	none;absence=no-declaration/position	MAMEC-DOC-14@37510:target-flat-DAT-schema-instance-attribute-ownership;e591363:parser=src/no_intro_dat_xml/reader.rs::validate_attributes/resolve_narrowed_type;current=validated-but-not-persisted;capture-gap=source_qname/resolved-type/second-root-hint/nested-declarations;expanded-QName-not-prefix;ordinal-shared-with-native-attributes;even-XML-whitespace-token-count;not-DAT-text;SQL-shape-not-full-mode/QName/IDREF-validation-proof
no_intro_dat	no_intro_dat_header_text_children	noNamespaceSchemaLocation	datafile/header/id/@{http://www.w3.org/2001/XMLSchema-instance}noNamespaceSchemaLocation	no_intro_dat_header_text_child_xsi_attributes	value_text,source_qname	no_intro_dat_header_text_child_xsi_attributes	optional;explicit-empty/whitespace-retained;contradictory-recognized-revision-rejected	none;absence=no-declaration/position	MAMEC-DOC-14@37510:target-flat-DAT-schema-instance-attribute-ownership;e591363:parser=src/no_intro_dat_xml/reader.rs::validate_attributes/resolve_narrowed_type;current=validated-but-not-persisted;capture-gap=source_qname/resolved-type/second-root-hint/nested-declarations;expanded-QName-not-prefix;ordinal-shared-with-native-attributes;not-DAT-text;SQL-shape-not-full-mode/QName/IDREF-validation-proof
no_intro_dat	no_intro_dat_header_text_children	type	datafile/header/id/@{http://www.w3.org/2001/XMLSchema-instance}type	no_intro_dat_header_text_child_xsi_attributes	value_text,source_qname,resolved_type_kind	no_intro_dat_header_text_child_xsi_attributes	optional;present-nonempty-resolved-XMLSchema-QName;invalid-rejected;strict-text-type-validation	none;absence=no-declaration/position	MAMEC-DOC-14@37510:target-flat-DAT-schema-instance-attribute-ownership;e591363:parser=src/no_intro_dat_xml/reader.rs::validate_attributes/resolve_narrowed_type;current=validated-but-not-persisted;capture-gap=source_qname/resolved-type/second-root-hint/nested-declarations;expanded-QName-not-prefix;ordinal-shared-with-native-attributes;header-id-types=int|short|byte;not-DAT-text;SQL-shape-not-full-mode/QName/IDREF-validation-proof
no_intro_dat	no_intro_dat_header_text_children	nil	datafile/header/id/@{http://www.w3.org/2001/XMLSchema-instance}nil	no_intro_dat_header_text_child_xsi_attributes	value_text,source_qname	no_intro_dat_header_text_child_xsi_attributes	optional;strict-reject-all;compatible-collapsed-false/0-only;decoded-spelling-retained	omitted-effective-not-nil;no-default-declaration/position	MAMEC-DOC-14@37510:target-flat-DAT-schema-instance-attribute-ownership;e591363:parser=src/no_intro_dat_xml/reader.rs::validate_attributes/resolve_narrowed_type;current=validated-but-not-persisted;capture-gap=source_qname/resolved-type/second-root-hint/nested-declarations;expanded-QName-not-prefix;ordinal-shared-with-native-attributes;not-DAT-text;SQL-shape-not-full-mode/QName/IDREF-validation-proof
no_intro_dat	no_intro_dat_header_text_children	schemaLocation	datafile/header/name/@{http://www.w3.org/2001/XMLSchema-instance}schemaLocation	no_intro_dat_header_text_child_xsi_attributes	value_text,source_qname	no_intro_dat_header_text_child_xsi_attributes	optional;explicit-empty/whitespace-retained;contradictory-recognized-revision-rejected	none;absence=no-declaration/position	MAMEC-DOC-14@37510:target-flat-DAT-schema-instance-attribute-ownership;e591363:parser=src/no_intro_dat_xml/reader.rs::validate_attributes/resolve_narrowed_type;current=validated-but-not-persisted;capture-gap=source_qname/resolved-type/second-root-hint/nested-declarations;expanded-QName-not-prefix;ordinal-shared-with-native-attributes;even-XML-whitespace-token-count;not-DAT-text;SQL-shape-not-full-mode/QName/IDREF-validation-proof
no_intro_dat	no_intro_dat_header_text_children	noNamespaceSchemaLocation	datafile/header/name/@{http://www.w3.org/2001/XMLSchema-instance}noNamespaceSchemaLocation	no_intro_dat_header_text_child_xsi_attributes	value_text,source_qname	no_intro_dat_header_text_child_xsi_attributes	optional;explicit-empty/whitespace-retained;contradictory-recognized-revision-rejected	none;absence=no-declaration/position	MAMEC-DOC-14@37510:target-flat-DAT-schema-instance-attribute-ownership;e591363:parser=src/no_intro_dat_xml/reader.rs::validate_attributes/resolve_narrowed_type;current=validated-but-not-persisted;capture-gap=source_qname/resolved-type/second-root-hint/nested-declarations;expanded-QName-not-prefix;ordinal-shared-with-native-attributes;not-DAT-text;SQL-shape-not-full-mode/QName/IDREF-validation-proof
no_intro_dat	no_intro_dat_header_text_children	type	datafile/header/name/@{http://www.w3.org/2001/XMLSchema-instance}type	no_intro_dat_header_text_child_xsi_attributes	value_text,source_qname,resolved_type_kind	no_intro_dat_header_text_child_xsi_attributes	optional;present-nonempty-resolved-XMLSchema-QName;invalid-rejected;strict-text-type-validation	none;absence=no-declaration/position	MAMEC-DOC-14@37510:target-flat-DAT-schema-instance-attribute-ownership;e591363:parser=src/no_intro_dat_xml/reader.rs::validate_attributes/resolve_narrowed_type;current=validated-but-not-persisted;capture-gap=source_qname/resolved-type/second-root-hint/nested-declarations;expanded-QName-not-prefix;ordinal-shared-with-native-attributes;string-family-types=string|normalizedString|token|language|Name|NCName|NMTOKEN|ID|IDREF|ENTITY;not-DAT-text;SQL-shape-not-full-mode/QName/IDREF-validation-proof
no_intro_dat	no_intro_dat_header_text_children	nil	datafile/header/name/@{http://www.w3.org/2001/XMLSchema-instance}nil	no_intro_dat_header_text_child_xsi_attributes	value_text,source_qname	no_intro_dat_header_text_child_xsi_attributes	optional;strict-reject-all;compatible-collapsed-false/0-only;decoded-spelling-retained	omitted-effective-not-nil;no-default-declaration/position	MAMEC-DOC-14@37510:target-flat-DAT-schema-instance-attribute-ownership;e591363:parser=src/no_intro_dat_xml/reader.rs::validate_attributes/resolve_narrowed_type;current=validated-but-not-persisted;capture-gap=source_qname/resolved-type/second-root-hint/nested-declarations;expanded-QName-not-prefix;ordinal-shared-with-native-attributes;not-DAT-text;SQL-shape-not-full-mode/QName/IDREF-validation-proof
no_intro_dat	no_intro_dat_header_text_children	schemaLocation	datafile/header/description/@{http://www.w3.org/2001/XMLSchema-instance}schemaLocation	no_intro_dat_header_text_child_xsi_attributes	value_text,source_qname	no_intro_dat_header_text_child_xsi_attributes	optional;explicit-empty/whitespace-retained;contradictory-recognized-revision-rejected	none;absence=no-declaration/position	MAMEC-DOC-14@37510:target-flat-DAT-schema-instance-attribute-ownership;e591363:parser=src/no_intro_dat_xml/reader.rs::validate_attributes/resolve_narrowed_type;current=validated-but-not-persisted;capture-gap=source_qname/resolved-type/second-root-hint/nested-declarations;expanded-QName-not-prefix;ordinal-shared-with-native-attributes;even-XML-whitespace-token-count;not-DAT-text;SQL-shape-not-full-mode/QName/IDREF-validation-proof
no_intro_dat	no_intro_dat_header_text_children	noNamespaceSchemaLocation	datafile/header/description/@{http://www.w3.org/2001/XMLSchema-instance}noNamespaceSchemaLocation	no_intro_dat_header_text_child_xsi_attributes	value_text,source_qname	no_intro_dat_header_text_child_xsi_attributes	optional;explicit-empty/whitespace-retained;contradictory-recognized-revision-rejected	none;absence=no-declaration/position	MAMEC-DOC-14@37510:target-flat-DAT-schema-instance-attribute-ownership;e591363:parser=src/no_intro_dat_xml/reader.rs::validate_attributes/resolve_narrowed_type;current=validated-but-not-persisted;capture-gap=source_qname/resolved-type/second-root-hint/nested-declarations;expanded-QName-not-prefix;ordinal-shared-with-native-attributes;not-DAT-text;SQL-shape-not-full-mode/QName/IDREF-validation-proof
no_intro_dat	no_intro_dat_header_text_children	type	datafile/header/description/@{http://www.w3.org/2001/XMLSchema-instance}type	no_intro_dat_header_text_child_xsi_attributes	value_text,source_qname,resolved_type_kind	no_intro_dat_header_text_child_xsi_attributes	optional;present-nonempty-resolved-XMLSchema-QName;invalid-rejected;strict-text-type-validation	none;absence=no-declaration/position	MAMEC-DOC-14@37510:target-flat-DAT-schema-instance-attribute-ownership;e591363:parser=src/no_intro_dat_xml/reader.rs::validate_attributes/resolve_narrowed_type;current=validated-but-not-persisted;capture-gap=source_qname/resolved-type/second-root-hint/nested-declarations;expanded-QName-not-prefix;ordinal-shared-with-native-attributes;string-family-types=string|normalizedString|token|language|Name|NCName|NMTOKEN|ID|IDREF|ENTITY;not-DAT-text;SQL-shape-not-full-mode/QName/IDREF-validation-proof
no_intro_dat	no_intro_dat_header_text_children	nil	datafile/header/description/@{http://www.w3.org/2001/XMLSchema-instance}nil	no_intro_dat_header_text_child_xsi_attributes	value_text,source_qname	no_intro_dat_header_text_child_xsi_attributes	optional;strict-reject-all;compatible-collapsed-false/0-only;decoded-spelling-retained	omitted-effective-not-nil;no-default-declaration/position	MAMEC-DOC-14@37510:target-flat-DAT-schema-instance-attribute-ownership;e591363:parser=src/no_intro_dat_xml/reader.rs::validate_attributes/resolve_narrowed_type;current=validated-but-not-persisted;capture-gap=source_qname/resolved-type/second-root-hint/nested-declarations;expanded-QName-not-prefix;ordinal-shared-with-native-attributes;not-DAT-text;SQL-shape-not-full-mode/QName/IDREF-validation-proof
no_intro_dat	no_intro_dat_header_text_children	schemaLocation	datafile/header/version/@{http://www.w3.org/2001/XMLSchema-instance}schemaLocation	no_intro_dat_header_text_child_xsi_attributes	value_text,source_qname	no_intro_dat_header_text_child_xsi_attributes	optional;explicit-empty/whitespace-retained;contradictory-recognized-revision-rejected	none;absence=no-declaration/position	MAMEC-DOC-14@37510:target-flat-DAT-schema-instance-attribute-ownership;e591363:parser=src/no_intro_dat_xml/reader.rs::validate_attributes/resolve_narrowed_type;current=validated-but-not-persisted;capture-gap=source_qname/resolved-type/second-root-hint/nested-declarations;expanded-QName-not-prefix;ordinal-shared-with-native-attributes;even-XML-whitespace-token-count;not-DAT-text;SQL-shape-not-full-mode/QName/IDREF-validation-proof
no_intro_dat	no_intro_dat_header_text_children	noNamespaceSchemaLocation	datafile/header/version/@{http://www.w3.org/2001/XMLSchema-instance}noNamespaceSchemaLocation	no_intro_dat_header_text_child_xsi_attributes	value_text,source_qname	no_intro_dat_header_text_child_xsi_attributes	optional;explicit-empty/whitespace-retained;contradictory-recognized-revision-rejected	none;absence=no-declaration/position	MAMEC-DOC-14@37510:target-flat-DAT-schema-instance-attribute-ownership;e591363:parser=src/no_intro_dat_xml/reader.rs::validate_attributes/resolve_narrowed_type;current=validated-but-not-persisted;capture-gap=source_qname/resolved-type/second-root-hint/nested-declarations;expanded-QName-not-prefix;ordinal-shared-with-native-attributes;not-DAT-text;SQL-shape-not-full-mode/QName/IDREF-validation-proof
no_intro_dat	no_intro_dat_header_text_children	type	datafile/header/version/@{http://www.w3.org/2001/XMLSchema-instance}type	no_intro_dat_header_text_child_xsi_attributes	value_text,source_qname,resolved_type_kind	no_intro_dat_header_text_child_xsi_attributes	optional;present-nonempty-resolved-XMLSchema-QName;invalid-rejected;strict-text-type-validation	none;absence=no-declaration/position	MAMEC-DOC-14@37510:target-flat-DAT-schema-instance-attribute-ownership;e591363:parser=src/no_intro_dat_xml/reader.rs::validate_attributes/resolve_narrowed_type;current=validated-but-not-persisted;capture-gap=source_qname/resolved-type/second-root-hint/nested-declarations;expanded-QName-not-prefix;ordinal-shared-with-native-attributes;string-family-types=string|normalizedString|token|language|Name|NCName|NMTOKEN|ID|IDREF|ENTITY;not-DAT-text;SQL-shape-not-full-mode/QName/IDREF-validation-proof
no_intro_dat	no_intro_dat_header_text_children	nil	datafile/header/version/@{http://www.w3.org/2001/XMLSchema-instance}nil	no_intro_dat_header_text_child_xsi_attributes	value_text,source_qname	no_intro_dat_header_text_child_xsi_attributes	optional;strict-reject-all;compatible-collapsed-false/0-only;decoded-spelling-retained	omitted-effective-not-nil;no-default-declaration/position	MAMEC-DOC-14@37510:target-flat-DAT-schema-instance-attribute-ownership;e591363:parser=src/no_intro_dat_xml/reader.rs::validate_attributes/resolve_narrowed_type;current=validated-but-not-persisted;capture-gap=source_qname/resolved-type/second-root-hint/nested-declarations;expanded-QName-not-prefix;ordinal-shared-with-native-attributes;not-DAT-text;SQL-shape-not-full-mode/QName/IDREF-validation-proof
no_intro_dat	no_intro_dat_header_text_children	schemaLocation	datafile/header/date/@{http://www.w3.org/2001/XMLSchema-instance}schemaLocation	no_intro_dat_header_text_child_xsi_attributes	value_text,source_qname	no_intro_dat_header_text_child_xsi_attributes	optional;explicit-empty/whitespace-retained;contradictory-recognized-revision-rejected	none;absence=no-declaration/position	MAMEC-DOC-14@37510:target-flat-DAT-schema-instance-attribute-ownership;e591363:parser=src/no_intro_dat_xml/reader.rs::validate_attributes/resolve_narrowed_type;current=validated-but-not-persisted;capture-gap=source_qname/resolved-type/second-root-hint/nested-declarations;expanded-QName-not-prefix;ordinal-shared-with-native-attributes;even-XML-whitespace-token-count;not-DAT-text;SQL-shape-not-full-mode/QName/IDREF-validation-proof
no_intro_dat	no_intro_dat_header_text_children	noNamespaceSchemaLocation	datafile/header/date/@{http://www.w3.org/2001/XMLSchema-instance}noNamespaceSchemaLocation	no_intro_dat_header_text_child_xsi_attributes	value_text,source_qname	no_intro_dat_header_text_child_xsi_attributes	optional;explicit-empty/whitespace-retained;contradictory-recognized-revision-rejected	none;absence=no-declaration/position	MAMEC-DOC-14@37510:target-flat-DAT-schema-instance-attribute-ownership;e591363:parser=src/no_intro_dat_xml/reader.rs::validate_attributes/resolve_narrowed_type;current=validated-but-not-persisted;capture-gap=source_qname/resolved-type/second-root-hint/nested-declarations;expanded-QName-not-prefix;ordinal-shared-with-native-attributes;not-DAT-text;SQL-shape-not-full-mode/QName/IDREF-validation-proof
no_intro_dat	no_intro_dat_header_text_children	type	datafile/header/date/@{http://www.w3.org/2001/XMLSchema-instance}type	no_intro_dat_header_text_child_xsi_attributes	value_text,source_qname,resolved_type_kind	no_intro_dat_header_text_child_xsi_attributes	optional;present-nonempty-resolved-XMLSchema-QName;invalid-rejected;strict-text-type-validation	none;absence=no-declaration/position	MAMEC-DOC-14@37510:target-flat-DAT-schema-instance-attribute-ownership;e591363:parser=src/no_intro_dat_xml/reader.rs::validate_attributes/resolve_narrowed_type;current=validated-but-not-persisted;capture-gap=source_qname/resolved-type/second-root-hint/nested-declarations;expanded-QName-not-prefix;ordinal-shared-with-native-attributes;string-family-types=string|normalizedString|token|language|Name|NCName|NMTOKEN|ID|IDREF|ENTITY;not-DAT-text;SQL-shape-not-full-mode/QName/IDREF-validation-proof
no_intro_dat	no_intro_dat_header_text_children	nil	datafile/header/date/@{http://www.w3.org/2001/XMLSchema-instance}nil	no_intro_dat_header_text_child_xsi_attributes	value_text,source_qname	no_intro_dat_header_text_child_xsi_attributes	optional;strict-reject-all;compatible-collapsed-false/0-only;decoded-spelling-retained	omitted-effective-not-nil;no-default-declaration/position	MAMEC-DOC-14@37510:target-flat-DAT-schema-instance-attribute-ownership;e591363:parser=src/no_intro_dat_xml/reader.rs::validate_attributes/resolve_narrowed_type;current=validated-but-not-persisted;capture-gap=source_qname/resolved-type/second-root-hint/nested-declarations;expanded-QName-not-prefix;ordinal-shared-with-native-attributes;not-DAT-text;SQL-shape-not-full-mode/QName/IDREF-validation-proof
no_intro_dat	no_intro_dat_header_text_children	schemaLocation	datafile/header/author/@{http://www.w3.org/2001/XMLSchema-instance}schemaLocation	no_intro_dat_header_text_child_xsi_attributes	value_text,source_qname	no_intro_dat_header_text_child_xsi_attributes	optional;explicit-empty/whitespace-retained;contradictory-recognized-revision-rejected	none;absence=no-declaration/position	MAMEC-DOC-14@37510:target-flat-DAT-schema-instance-attribute-ownership;e591363:parser=src/no_intro_dat_xml/reader.rs::validate_attributes/resolve_narrowed_type;current=validated-but-not-persisted;capture-gap=source_qname/resolved-type/second-root-hint/nested-declarations;expanded-QName-not-prefix;ordinal-shared-with-native-attributes;even-XML-whitespace-token-count;not-DAT-text;SQL-shape-not-full-mode/QName/IDREF-validation-proof
no_intro_dat	no_intro_dat_header_text_children	noNamespaceSchemaLocation	datafile/header/author/@{http://www.w3.org/2001/XMLSchema-instance}noNamespaceSchemaLocation	no_intro_dat_header_text_child_xsi_attributes	value_text,source_qname	no_intro_dat_header_text_child_xsi_attributes	optional;explicit-empty/whitespace-retained;contradictory-recognized-revision-rejected	none;absence=no-declaration/position	MAMEC-DOC-14@37510:target-flat-DAT-schema-instance-attribute-ownership;e591363:parser=src/no_intro_dat_xml/reader.rs::validate_attributes/resolve_narrowed_type;current=validated-but-not-persisted;capture-gap=source_qname/resolved-type/second-root-hint/nested-declarations;expanded-QName-not-prefix;ordinal-shared-with-native-attributes;not-DAT-text;SQL-shape-not-full-mode/QName/IDREF-validation-proof
no_intro_dat	no_intro_dat_header_text_children	type	datafile/header/author/@{http://www.w3.org/2001/XMLSchema-instance}type	no_intro_dat_header_text_child_xsi_attributes	value_text,source_qname,resolved_type_kind	no_intro_dat_header_text_child_xsi_attributes	optional;present-nonempty-resolved-XMLSchema-QName;invalid-rejected;strict-text-type-validation	none;absence=no-declaration/position	MAMEC-DOC-14@37510:target-flat-DAT-schema-instance-attribute-ownership;e591363:parser=src/no_intro_dat_xml/reader.rs::validate_attributes/resolve_narrowed_type;current=validated-but-not-persisted;capture-gap=source_qname/resolved-type/second-root-hint/nested-declarations;expanded-QName-not-prefix;ordinal-shared-with-native-attributes;string-family-types=string|normalizedString|token|language|Name|NCName|NMTOKEN|ID|IDREF|ENTITY;not-DAT-text;SQL-shape-not-full-mode/QName/IDREF-validation-proof
no_intro_dat	no_intro_dat_header_text_children	nil	datafile/header/author/@{http://www.w3.org/2001/XMLSchema-instance}nil	no_intro_dat_header_text_child_xsi_attributes	value_text,source_qname	no_intro_dat_header_text_child_xsi_attributes	optional;strict-reject-all;compatible-collapsed-false/0-only;decoded-spelling-retained	omitted-effective-not-nil;no-default-declaration/position	MAMEC-DOC-14@37510:target-flat-DAT-schema-instance-attribute-ownership;e591363:parser=src/no_intro_dat_xml/reader.rs::validate_attributes/resolve_narrowed_type;current=validated-but-not-persisted;capture-gap=source_qname/resolved-type/second-root-hint/nested-declarations;expanded-QName-not-prefix;ordinal-shared-with-native-attributes;not-DAT-text;SQL-shape-not-full-mode/QName/IDREF-validation-proof
no_intro_dat	no_intro_dat_header_text_children	schemaLocation	datafile/header/homepage/@{http://www.w3.org/2001/XMLSchema-instance}schemaLocation	no_intro_dat_header_text_child_xsi_attributes	value_text,source_qname	no_intro_dat_header_text_child_xsi_attributes	optional;explicit-empty/whitespace-retained;contradictory-recognized-revision-rejected	none;absence=no-declaration/position	MAMEC-DOC-14@37510:target-flat-DAT-schema-instance-attribute-ownership;e591363:parser=src/no_intro_dat_xml/reader.rs::validate_attributes/resolve_narrowed_type;current=validated-but-not-persisted;capture-gap=source_qname/resolved-type/second-root-hint/nested-declarations;expanded-QName-not-prefix;ordinal-shared-with-native-attributes;even-XML-whitespace-token-count;not-DAT-text;SQL-shape-not-full-mode/QName/IDREF-validation-proof
no_intro_dat	no_intro_dat_header_text_children	noNamespaceSchemaLocation	datafile/header/homepage/@{http://www.w3.org/2001/XMLSchema-instance}noNamespaceSchemaLocation	no_intro_dat_header_text_child_xsi_attributes	value_text,source_qname	no_intro_dat_header_text_child_xsi_attributes	optional;explicit-empty/whitespace-retained;contradictory-recognized-revision-rejected	none;absence=no-declaration/position	MAMEC-DOC-14@37510:target-flat-DAT-schema-instance-attribute-ownership;e591363:parser=src/no_intro_dat_xml/reader.rs::validate_attributes/resolve_narrowed_type;current=validated-but-not-persisted;capture-gap=source_qname/resolved-type/second-root-hint/nested-declarations;expanded-QName-not-prefix;ordinal-shared-with-native-attributes;not-DAT-text;SQL-shape-not-full-mode/QName/IDREF-validation-proof
no_intro_dat	no_intro_dat_header_text_children	type	datafile/header/homepage/@{http://www.w3.org/2001/XMLSchema-instance}type	no_intro_dat_header_text_child_xsi_attributes	value_text,source_qname,resolved_type_kind	no_intro_dat_header_text_child_xsi_attributes	optional;present-nonempty-resolved-XMLSchema-QName;invalid-rejected;strict-text-type-validation	none;absence=no-declaration/position	MAMEC-DOC-14@37510:target-flat-DAT-schema-instance-attribute-ownership;e591363:parser=src/no_intro_dat_xml/reader.rs::validate_attributes/resolve_narrowed_type;current=validated-but-not-persisted;capture-gap=source_qname/resolved-type/second-root-hint/nested-declarations;expanded-QName-not-prefix;ordinal-shared-with-native-attributes;string-family-types=string|normalizedString|token|language|Name|NCName|NMTOKEN|ID|IDREF|ENTITY;not-DAT-text;SQL-shape-not-full-mode/QName/IDREF-validation-proof
no_intro_dat	no_intro_dat_header_text_children	nil	datafile/header/homepage/@{http://www.w3.org/2001/XMLSchema-instance}nil	no_intro_dat_header_text_child_xsi_attributes	value_text,source_qname	no_intro_dat_header_text_child_xsi_attributes	optional;strict-reject-all;compatible-collapsed-false/0-only;decoded-spelling-retained	omitted-effective-not-nil;no-default-declaration/position	MAMEC-DOC-14@37510:target-flat-DAT-schema-instance-attribute-ownership;e591363:parser=src/no_intro_dat_xml/reader.rs::validate_attributes/resolve_narrowed_type;current=validated-but-not-persisted;capture-gap=source_qname/resolved-type/second-root-hint/nested-declarations;expanded-QName-not-prefix;ordinal-shared-with-native-attributes;not-DAT-text;SQL-shape-not-full-mode/QName/IDREF-validation-proof
no_intro_dat	no_intro_dat_header_text_children	schemaLocation	datafile/header/url/@{http://www.w3.org/2001/XMLSchema-instance}schemaLocation	no_intro_dat_header_text_child_xsi_attributes	value_text,source_qname	no_intro_dat_header_text_child_xsi_attributes	optional;explicit-empty/whitespace-retained;contradictory-recognized-revision-rejected	none;absence=no-declaration/position	MAMEC-DOC-14@37510:target-flat-DAT-schema-instance-attribute-ownership;e591363:parser=src/no_intro_dat_xml/reader.rs::validate_attributes/resolve_narrowed_type;current=validated-but-not-persisted;capture-gap=source_qname/resolved-type/second-root-hint/nested-declarations;expanded-QName-not-prefix;ordinal-shared-with-native-attributes;even-XML-whitespace-token-count;not-DAT-text;SQL-shape-not-full-mode/QName/IDREF-validation-proof
no_intro_dat	no_intro_dat_header_text_children	noNamespaceSchemaLocation	datafile/header/url/@{http://www.w3.org/2001/XMLSchema-instance}noNamespaceSchemaLocation	no_intro_dat_header_text_child_xsi_attributes	value_text,source_qname	no_intro_dat_header_text_child_xsi_attributes	optional;explicit-empty/whitespace-retained;contradictory-recognized-revision-rejected	none;absence=no-declaration/position	MAMEC-DOC-14@37510:target-flat-DAT-schema-instance-attribute-ownership;e591363:parser=src/no_intro_dat_xml/reader.rs::validate_attributes/resolve_narrowed_type;current=validated-but-not-persisted;capture-gap=source_qname/resolved-type/second-root-hint/nested-declarations;expanded-QName-not-prefix;ordinal-shared-with-native-attributes;not-DAT-text;SQL-shape-not-full-mode/QName/IDREF-validation-proof
no_intro_dat	no_intro_dat_header_text_children	type	datafile/header/url/@{http://www.w3.org/2001/XMLSchema-instance}type	no_intro_dat_header_text_child_xsi_attributes	value_text,source_qname,resolved_type_kind	no_intro_dat_header_text_child_xsi_attributes	optional;present-nonempty-resolved-XMLSchema-QName;invalid-rejected;strict-text-type-validation	none;absence=no-declaration/position	MAMEC-DOC-14@37510:target-flat-DAT-schema-instance-attribute-ownership;e591363:parser=src/no_intro_dat_xml/reader.rs::validate_attributes/resolve_narrowed_type;current=validated-but-not-persisted;capture-gap=source_qname/resolved-type/second-root-hint/nested-declarations;expanded-QName-not-prefix;ordinal-shared-with-native-attributes;string-family-types=string|normalizedString|token|language|Name|NCName|NMTOKEN|ID|IDREF|ENTITY;not-DAT-text;SQL-shape-not-full-mode/QName/IDREF-validation-proof
no_intro_dat	no_intro_dat_header_text_children	nil	datafile/header/url/@{http://www.w3.org/2001/XMLSchema-instance}nil	no_intro_dat_header_text_child_xsi_attributes	value_text,source_qname	no_intro_dat_header_text_child_xsi_attributes	optional;strict-reject-all;compatible-collapsed-false/0-only;decoded-spelling-retained	omitted-effective-not-nil;no-default-declaration/position	MAMEC-DOC-14@37510:target-flat-DAT-schema-instance-attribute-ownership;e591363:parser=src/no_intro_dat_xml/reader.rs::validate_attributes/resolve_narrowed_type;current=validated-but-not-persisted;capture-gap=source_qname/resolved-type/second-root-hint/nested-declarations;expanded-QName-not-prefix;ordinal-shared-with-native-attributes;not-DAT-text;SQL-shape-not-full-mode/QName/IDREF-validation-proof
no_intro_dat	no_intro_dat_header_text_children	schemaLocation	datafile/header/trademarks/@{http://www.w3.org/2001/XMLSchema-instance}schemaLocation	no_intro_dat_header_text_child_xsi_attributes	value_text,source_qname	no_intro_dat_header_text_child_xsi_attributes	optional;explicit-empty/whitespace-retained;contradictory-recognized-revision-rejected	none;absence=no-declaration/position	MAMEC-DOC-14@37510:target-flat-DAT-schema-instance-attribute-ownership;e591363:parser=src/no_intro_dat_xml/reader.rs::validate_attributes/resolve_narrowed_type;current=validated-but-not-persisted;capture-gap=source_qname/resolved-type/second-root-hint/nested-declarations;expanded-QName-not-prefix;ordinal-shared-with-native-attributes;even-XML-whitespace-token-count;not-DAT-text;SQL-shape-not-full-mode/QName/IDREF-validation-proof
no_intro_dat	no_intro_dat_header_text_children	noNamespaceSchemaLocation	datafile/header/trademarks/@{http://www.w3.org/2001/XMLSchema-instance}noNamespaceSchemaLocation	no_intro_dat_header_text_child_xsi_attributes	value_text,source_qname	no_intro_dat_header_text_child_xsi_attributes	optional;explicit-empty/whitespace-retained;contradictory-recognized-revision-rejected	none;absence=no-declaration/position	MAMEC-DOC-14@37510:target-flat-DAT-schema-instance-attribute-ownership;e591363:parser=src/no_intro_dat_xml/reader.rs::validate_attributes/resolve_narrowed_type;current=validated-but-not-persisted;capture-gap=source_qname/resolved-type/second-root-hint/nested-declarations;expanded-QName-not-prefix;ordinal-shared-with-native-attributes;not-DAT-text;SQL-shape-not-full-mode/QName/IDREF-validation-proof
no_intro_dat	no_intro_dat_header_text_children	type	datafile/header/trademarks/@{http://www.w3.org/2001/XMLSchema-instance}type	no_intro_dat_header_text_child_xsi_attributes	value_text,source_qname,resolved_type_kind	no_intro_dat_header_text_child_xsi_attributes	optional;present-nonempty-resolved-XMLSchema-QName;invalid-rejected;strict-text-type-validation	none;absence=no-declaration/position	MAMEC-DOC-14@37510:target-flat-DAT-schema-instance-attribute-ownership;e591363:parser=src/no_intro_dat_xml/reader.rs::validate_attributes/resolve_narrowed_type;current=validated-but-not-persisted;capture-gap=source_qname/resolved-type/second-root-hint/nested-declarations;expanded-QName-not-prefix;ordinal-shared-with-native-attributes;string-family-types=string|normalizedString|token|language|Name|NCName|NMTOKEN|ID|IDREF|ENTITY;not-DAT-text;SQL-shape-not-full-mode/QName/IDREF-validation-proof
no_intro_dat	no_intro_dat_header_text_children	nil	datafile/header/trademarks/@{http://www.w3.org/2001/XMLSchema-instance}nil	no_intro_dat_header_text_child_xsi_attributes	value_text,source_qname	no_intro_dat_header_text_child_xsi_attributes	optional;strict-reject-all;compatible-collapsed-false/0-only;decoded-spelling-retained	omitted-effective-not-nil;no-default-declaration/position	MAMEC-DOC-14@37510:target-flat-DAT-schema-instance-attribute-ownership;e591363:parser=src/no_intro_dat_xml/reader.rs::validate_attributes/resolve_narrowed_type;current=validated-but-not-persisted;capture-gap=source_qname/resolved-type/second-root-hint/nested-declarations;expanded-QName-not-prefix;ordinal-shared-with-native-attributes;not-DAT-text;SQL-shape-not-full-mode/QName/IDREF-validation-proof
no_intro_dat	no_intro_dat_header_text_children	schemaLocation	datafile/header/piracy/@{http://www.w3.org/2001/XMLSchema-instance}schemaLocation	no_intro_dat_header_text_child_xsi_attributes	value_text,source_qname	no_intro_dat_header_text_child_xsi_attributes	optional;explicit-empty/whitespace-retained;contradictory-recognized-revision-rejected	none;absence=no-declaration/position	MAMEC-DOC-14@37510:target-flat-DAT-schema-instance-attribute-ownership;e591363:parser=src/no_intro_dat_xml/reader.rs::validate_attributes/resolve_narrowed_type;current=validated-but-not-persisted;capture-gap=source_qname/resolved-type/second-root-hint/nested-declarations;expanded-QName-not-prefix;ordinal-shared-with-native-attributes;even-XML-whitespace-token-count;not-DAT-text;SQL-shape-not-full-mode/QName/IDREF-validation-proof
no_intro_dat	no_intro_dat_header_text_children	noNamespaceSchemaLocation	datafile/header/piracy/@{http://www.w3.org/2001/XMLSchema-instance}noNamespaceSchemaLocation	no_intro_dat_header_text_child_xsi_attributes	value_text,source_qname	no_intro_dat_header_text_child_xsi_attributes	optional;explicit-empty/whitespace-retained;contradictory-recognized-revision-rejected	none;absence=no-declaration/position	MAMEC-DOC-14@37510:target-flat-DAT-schema-instance-attribute-ownership;e591363:parser=src/no_intro_dat_xml/reader.rs::validate_attributes/resolve_narrowed_type;current=validated-but-not-persisted;capture-gap=source_qname/resolved-type/second-root-hint/nested-declarations;expanded-QName-not-prefix;ordinal-shared-with-native-attributes;not-DAT-text;SQL-shape-not-full-mode/QName/IDREF-validation-proof
no_intro_dat	no_intro_dat_header_text_children	type	datafile/header/piracy/@{http://www.w3.org/2001/XMLSchema-instance}type	no_intro_dat_header_text_child_xsi_attributes	value_text,source_qname,resolved_type_kind	no_intro_dat_header_text_child_xsi_attributes	optional;present-nonempty-resolved-XMLSchema-QName;invalid-rejected;strict-text-type-validation	none;absence=no-declaration/position	MAMEC-DOC-14@37510:target-flat-DAT-schema-instance-attribute-ownership;e591363:parser=src/no_intro_dat_xml/reader.rs::validate_attributes/resolve_narrowed_type;current=validated-but-not-persisted;capture-gap=source_qname/resolved-type/second-root-hint/nested-declarations;expanded-QName-not-prefix;ordinal-shared-with-native-attributes;string-family-types=string|normalizedString|token|language|Name|NCName|NMTOKEN|ID|IDREF|ENTITY;not-DAT-text;SQL-shape-not-full-mode/QName/IDREF-validation-proof
no_intro_dat	no_intro_dat_header_text_children	nil	datafile/header/piracy/@{http://www.w3.org/2001/XMLSchema-instance}nil	no_intro_dat_header_text_child_xsi_attributes	value_text,source_qname	no_intro_dat_header_text_child_xsi_attributes	optional;strict-reject-all;compatible-collapsed-false/0-only;decoded-spelling-retained	omitted-effective-not-nil;no-default-declaration/position	MAMEC-DOC-14@37510:target-flat-DAT-schema-instance-attribute-ownership;e591363:parser=src/no_intro_dat_xml/reader.rs::validate_attributes/resolve_narrowed_type;current=validated-but-not-persisted;capture-gap=source_qname/resolved-type/second-root-hint/nested-declarations;expanded-QName-not-prefix;ordinal-shared-with-native-attributes;not-DAT-text;SQL-shape-not-full-mode/QName/IDREF-validation-proof
no_intro_dat	no_intro_dat_header_text_children	schemaLocation	datafile/header/subset/@{http://www.w3.org/2001/XMLSchema-instance}schemaLocation	no_intro_dat_header_text_child_xsi_attributes	value_text,source_qname	no_intro_dat_header_text_child_xsi_attributes	optional;explicit-empty/whitespace-retained;contradictory-recognized-revision-rejected	none;absence=no-declaration/position	MAMEC-DOC-14@37510:target-flat-DAT-schema-instance-attribute-ownership;e591363:parser=src/no_intro_dat_xml/reader.rs::validate_attributes/resolve_narrowed_type;current=validated-but-not-persisted;capture-gap=source_qname/resolved-type/second-root-hint/nested-declarations;expanded-QName-not-prefix;ordinal-shared-with-native-attributes;even-XML-whitespace-token-count;not-DAT-text;SQL-shape-not-full-mode/QName/IDREF-validation-proof
no_intro_dat	no_intro_dat_header_text_children	noNamespaceSchemaLocation	datafile/header/subset/@{http://www.w3.org/2001/XMLSchema-instance}noNamespaceSchemaLocation	no_intro_dat_header_text_child_xsi_attributes	value_text,source_qname	no_intro_dat_header_text_child_xsi_attributes	optional;explicit-empty/whitespace-retained;contradictory-recognized-revision-rejected	none;absence=no-declaration/position	MAMEC-DOC-14@37510:target-flat-DAT-schema-instance-attribute-ownership;e591363:parser=src/no_intro_dat_xml/reader.rs::validate_attributes/resolve_narrowed_type;current=validated-but-not-persisted;capture-gap=source_qname/resolved-type/second-root-hint/nested-declarations;expanded-QName-not-prefix;ordinal-shared-with-native-attributes;not-DAT-text;SQL-shape-not-full-mode/QName/IDREF-validation-proof
no_intro_dat	no_intro_dat_header_text_children	type	datafile/header/subset/@{http://www.w3.org/2001/XMLSchema-instance}type	no_intro_dat_header_text_child_xsi_attributes	value_text,source_qname,resolved_type_kind	no_intro_dat_header_text_child_xsi_attributes	optional;present-nonempty-resolved-XMLSchema-QName;invalid-rejected;strict-text-type-validation	none;absence=no-declaration/position	MAMEC-DOC-14@37510:target-flat-DAT-schema-instance-attribute-ownership;e591363:parser=src/no_intro_dat_xml/reader.rs::validate_attributes/resolve_narrowed_type;current=validated-but-not-persisted;capture-gap=source_qname/resolved-type/second-root-hint/nested-declarations;expanded-QName-not-prefix;ordinal-shared-with-native-attributes;string-family-types=string|normalizedString|token|language|Name|NCName|NMTOKEN|ID|IDREF|ENTITY;not-DAT-text;SQL-shape-not-full-mode/QName/IDREF-validation-proof
no_intro_dat	no_intro_dat_header_text_children	nil	datafile/header/subset/@{http://www.w3.org/2001/XMLSchema-instance}nil	no_intro_dat_header_text_child_xsi_attributes	value_text,source_qname	no_intro_dat_header_text_child_xsi_attributes	optional;strict-reject-all;compatible-collapsed-false/0-only;decoded-spelling-retained	omitted-effective-not-nil;no-default-declaration/position	MAMEC-DOC-14@37510:target-flat-DAT-schema-instance-attribute-ownership;e591363:parser=src/no_intro_dat_xml/reader.rs::validate_attributes/resolve_narrowed_type;current=validated-but-not-persisted;capture-gap=source_qname/resolved-type/second-root-hint/nested-declarations;expanded-QName-not-prefix;ordinal-shared-with-native-attributes;not-DAT-text;SQL-shape-not-full-mode/QName/IDREF-validation-proof
no_intro_dat	no_intro_dat_header_text_children	schemaLocation	datafile/header/comment/@{http://www.w3.org/2001/XMLSchema-instance}schemaLocation	no_intro_dat_header_text_child_xsi_attributes	value_text,source_qname	no_intro_dat_header_text_child_xsi_attributes	optional;explicit-empty/whitespace-retained;contradictory-recognized-revision-rejected	none;absence=no-declaration/position	MAMEC-DOC-14@37510:target-flat-DAT-schema-instance-attribute-ownership;e591363:parser=src/no_intro_dat_xml/reader.rs::validate_attributes/resolve_narrowed_type;current=validated-but-not-persisted;capture-gap=source_qname/resolved-type/second-root-hint/nested-declarations;expanded-QName-not-prefix;ordinal-shared-with-native-attributes;even-XML-whitespace-token-count;not-DAT-text;SQL-shape-not-full-mode/QName/IDREF-validation-proof
no_intro_dat	no_intro_dat_header_text_children	noNamespaceSchemaLocation	datafile/header/comment/@{http://www.w3.org/2001/XMLSchema-instance}noNamespaceSchemaLocation	no_intro_dat_header_text_child_xsi_attributes	value_text,source_qname	no_intro_dat_header_text_child_xsi_attributes	optional;explicit-empty/whitespace-retained;contradictory-recognized-revision-rejected	none;absence=no-declaration/position	MAMEC-DOC-14@37510:target-flat-DAT-schema-instance-attribute-ownership;e591363:parser=src/no_intro_dat_xml/reader.rs::validate_attributes/resolve_narrowed_type;current=validated-but-not-persisted;capture-gap=source_qname/resolved-type/second-root-hint/nested-declarations;expanded-QName-not-prefix;ordinal-shared-with-native-attributes;not-DAT-text;SQL-shape-not-full-mode/QName/IDREF-validation-proof
no_intro_dat	no_intro_dat_header_text_children	type	datafile/header/comment/@{http://www.w3.org/2001/XMLSchema-instance}type	no_intro_dat_header_text_child_xsi_attributes	value_text,source_qname,resolved_type_kind	no_intro_dat_header_text_child_xsi_attributes	optional;present-nonempty-resolved-XMLSchema-QName;invalid-rejected;strict-text-type-validation	none;absence=no-declaration/position	MAMEC-DOC-14@37510:target-flat-DAT-schema-instance-attribute-ownership;e591363:parser=src/no_intro_dat_xml/reader.rs::validate_attributes/resolve_narrowed_type;current=validated-but-not-persisted;capture-gap=source_qname/resolved-type/second-root-hint/nested-declarations;expanded-QName-not-prefix;ordinal-shared-with-native-attributes;string-family-types=string|normalizedString|token|language|Name|NCName|NMTOKEN|ID|IDREF|ENTITY;not-DAT-text;SQL-shape-not-full-mode/QName/IDREF-validation-proof
no_intro_dat	no_intro_dat_header_text_children	nil	datafile/header/comment/@{http://www.w3.org/2001/XMLSchema-instance}nil	no_intro_dat_header_text_child_xsi_attributes	value_text,source_qname	no_intro_dat_header_text_child_xsi_attributes	optional;strict-reject-all;compatible-collapsed-false/0-only;decoded-spelling-retained	omitted-effective-not-nil;no-default-declaration/position	MAMEC-DOC-14@37510:target-flat-DAT-schema-instance-attribute-ownership;e591363:parser=src/no_intro_dat_xml/reader.rs::validate_attributes/resolve_narrowed_type;current=validated-but-not-persisted;capture-gap=source_qname/resolved-type/second-root-hint/nested-declarations;expanded-QName-not-prefix;ordinal-shared-with-native-attributes;not-DAT-text;SQL-shape-not-full-mode/QName/IDREF-validation-proof
no_intro_dat	no_intro_dat_clrmamepro_options	schemaLocation	datafile/header/clrmamepro/@{http://www.w3.org/2001/XMLSchema-instance}schemaLocation	no_intro_dat_clrmamepro_xsi_attributes	value_text,source_qname	no_intro_dat_clrmamepro_xsi_attributes	optional;explicit-empty/whitespace-retained;contradictory-recognized-revision-rejected	none;absence=no-declaration/position	MAMEC-DOC-14@37510:target-flat-DAT-schema-instance-attribute-ownership;e591363:parser=src/no_intro_dat_xml/reader.rs::validate_attributes/resolve_narrowed_type;current=validated-but-not-persisted;capture-gap=source_qname/resolved-type/second-root-hint/nested-declarations;expanded-QName-not-prefix;ordinal-shared-with-native-attributes;even-XML-whitespace-token-count;not-DAT-text;SQL-shape-not-full-mode/QName/IDREF-validation-proof
no_intro_dat	no_intro_dat_clrmamepro_options	noNamespaceSchemaLocation	datafile/header/clrmamepro/@{http://www.w3.org/2001/XMLSchema-instance}noNamespaceSchemaLocation	no_intro_dat_clrmamepro_xsi_attributes	value_text,source_qname	no_intro_dat_clrmamepro_xsi_attributes	optional;explicit-empty/whitespace-retained;contradictory-recognized-revision-rejected	none;absence=no-declaration/position	MAMEC-DOC-14@37510:target-flat-DAT-schema-instance-attribute-ownership;e591363:parser=src/no_intro_dat_xml/reader.rs::validate_attributes/resolve_narrowed_type;current=validated-but-not-persisted;capture-gap=source_qname/resolved-type/second-root-hint/nested-declarations;expanded-QName-not-prefix;ordinal-shared-with-native-attributes;not-DAT-text;SQL-shape-not-full-mode/QName/IDREF-validation-proof
no_intro_dat	no_intro_dat_clrmamepro_options	nil	datafile/header/clrmamepro/@{http://www.w3.org/2001/XMLSchema-instance}nil	no_intro_dat_clrmamepro_xsi_attributes	value_text,source_qname	no_intro_dat_clrmamepro_xsi_attributes	optional;strict-reject-all;compatible-collapsed-false/0-only;decoded-spelling-retained	omitted-effective-not-nil;no-default-declaration/position	MAMEC-DOC-14@37510:target-flat-DAT-schema-instance-attribute-ownership;e591363:parser=src/no_intro_dat_xml/reader.rs::validate_attributes/resolve_narrowed_type;current=validated-but-not-persisted;capture-gap=source_qname/resolved-type/second-root-hint/nested-declarations;expanded-QName-not-prefix;ordinal-shared-with-native-attributes;not-DAT-text;SQL-shape-not-full-mode/QName/IDREF-validation-proof
no_intro_dat	no_intro_dat_romcenter_options	schemaLocation	datafile/header/romcenter/@{http://www.w3.org/2001/XMLSchema-instance}schemaLocation	no_intro_dat_romcenter_xsi_attributes	value_text,source_qname	no_intro_dat_romcenter_xsi_attributes	optional;explicit-empty/whitespace-retained;contradictory-recognized-revision-rejected	none;absence=no-declaration/position	MAMEC-DOC-14@37510:target-flat-DAT-schema-instance-attribute-ownership;e591363:parser=src/no_intro_dat_xml/reader.rs::validate_attributes/resolve_narrowed_type;current=validated-but-not-persisted;capture-gap=source_qname/resolved-type/second-root-hint/nested-declarations;expanded-QName-not-prefix;ordinal-shared-with-native-attributes;even-XML-whitespace-token-count;not-DAT-text;SQL-shape-not-full-mode/QName/IDREF-validation-proof
no_intro_dat	no_intro_dat_romcenter_options	noNamespaceSchemaLocation	datafile/header/romcenter/@{http://www.w3.org/2001/XMLSchema-instance}noNamespaceSchemaLocation	no_intro_dat_romcenter_xsi_attributes	value_text,source_qname	no_intro_dat_romcenter_xsi_attributes	optional;explicit-empty/whitespace-retained;contradictory-recognized-revision-rejected	none;absence=no-declaration/position	MAMEC-DOC-14@37510:target-flat-DAT-schema-instance-attribute-ownership;e591363:parser=src/no_intro_dat_xml/reader.rs::validate_attributes/resolve_narrowed_type;current=validated-but-not-persisted;capture-gap=source_qname/resolved-type/second-root-hint/nested-declarations;expanded-QName-not-prefix;ordinal-shared-with-native-attributes;not-DAT-text;SQL-shape-not-full-mode/QName/IDREF-validation-proof
no_intro_dat	no_intro_dat_romcenter_options	nil	datafile/header/romcenter/@{http://www.w3.org/2001/XMLSchema-instance}nil	no_intro_dat_romcenter_xsi_attributes	value_text,source_qname	no_intro_dat_romcenter_xsi_attributes	optional;strict-reject-all;compatible-collapsed-false/0-only;decoded-spelling-retained	omitted-effective-not-nil;no-default-declaration/position	MAMEC-DOC-14@37510:target-flat-DAT-schema-instance-attribute-ownership;e591363:parser=src/no_intro_dat_xml/reader.rs::validate_attributes/resolve_narrowed_type;current=validated-but-not-persisted;capture-gap=source_qname/resolved-type/second-root-hint/nested-declarations;expanded-QName-not-prefix;ordinal-shared-with-native-attributes;not-DAT-text;SQL-shape-not-full-mode/QName/IDREF-validation-proof
no_intro_dat	no_intro_dat_games	schemaLocation	datafile/game/@{http://www.w3.org/2001/XMLSchema-instance}schemaLocation	no_intro_dat_game_xsi_attributes	value_text,source_qname	no_intro_dat_game_xsi_attributes	optional;explicit-empty/whitespace-retained;contradictory-recognized-revision-rejected	none;absence=no-declaration/position	MAMEC-DOC-14@37510:target-flat-DAT-schema-instance-attribute-ownership;e591363:parser=src/no_intro_dat_xml/reader.rs::validate_attributes/resolve_narrowed_type;current=validated-but-not-persisted;capture-gap=source_qname/resolved-type/second-root-hint/nested-declarations;expanded-QName-not-prefix;ordinal-shared-with-native-attributes;even-XML-whitespace-token-count;not-DAT-text;SQL-shape-not-full-mode/QName/IDREF-validation-proof
no_intro_dat	no_intro_dat_games	noNamespaceSchemaLocation	datafile/game/@{http://www.w3.org/2001/XMLSchema-instance}noNamespaceSchemaLocation	no_intro_dat_game_xsi_attributes	value_text,source_qname	no_intro_dat_game_xsi_attributes	optional;explicit-empty/whitespace-retained;contradictory-recognized-revision-rejected	none;absence=no-declaration/position	MAMEC-DOC-14@37510:target-flat-DAT-schema-instance-attribute-ownership;e591363:parser=src/no_intro_dat_xml/reader.rs::validate_attributes/resolve_narrowed_type;current=validated-but-not-persisted;capture-gap=source_qname/resolved-type/second-root-hint/nested-declarations;expanded-QName-not-prefix;ordinal-shared-with-native-attributes;not-DAT-text;SQL-shape-not-full-mode/QName/IDREF-validation-proof
no_intro_dat	no_intro_dat_games	nil	datafile/game/@{http://www.w3.org/2001/XMLSchema-instance}nil	no_intro_dat_game_xsi_attributes	value_text,source_qname	no_intro_dat_game_xsi_attributes	optional;strict-reject-all;compatible-collapsed-false/0-only;decoded-spelling-retained	omitted-effective-not-nil;no-default-declaration/position	MAMEC-DOC-14@37510:target-flat-DAT-schema-instance-attribute-ownership;e591363:parser=src/no_intro_dat_xml/reader.rs::validate_attributes/resolve_narrowed_type;current=validated-but-not-persisted;capture-gap=source_qname/resolved-type/second-root-hint/nested-declarations;expanded-QName-not-prefix;ordinal-shared-with-native-attributes;not-DAT-text;SQL-shape-not-full-mode/QName/IDREF-validation-proof
no_intro_dat	no_intro_dat_game_descriptions	schemaLocation	datafile/game/description/@{http://www.w3.org/2001/XMLSchema-instance}schemaLocation	no_intro_dat_game_description_xsi_attributes	value_text,source_qname	no_intro_dat_game_description_xsi_attributes	optional;explicit-empty/whitespace-retained;contradictory-recognized-revision-rejected	none;absence=no-declaration/position	MAMEC-DOC-14@37510:target-flat-DAT-schema-instance-attribute-ownership;e591363:parser=src/no_intro_dat_xml/reader.rs::validate_attributes/resolve_narrowed_type;current=validated-but-not-persisted;capture-gap=source_qname/resolved-type/second-root-hint/nested-declarations;expanded-QName-not-prefix;ordinal-shared-with-native-attributes;even-XML-whitespace-token-count;not-DAT-text;SQL-shape-not-full-mode/QName/IDREF-validation-proof
no_intro_dat	no_intro_dat_game_descriptions	noNamespaceSchemaLocation	datafile/game/description/@{http://www.w3.org/2001/XMLSchema-instance}noNamespaceSchemaLocation	no_intro_dat_game_description_xsi_attributes	value_text,source_qname	no_intro_dat_game_description_xsi_attributes	optional;explicit-empty/whitespace-retained;contradictory-recognized-revision-rejected	none;absence=no-declaration/position	MAMEC-DOC-14@37510:target-flat-DAT-schema-instance-attribute-ownership;e591363:parser=src/no_intro_dat_xml/reader.rs::validate_attributes/resolve_narrowed_type;current=validated-but-not-persisted;capture-gap=source_qname/resolved-type/second-root-hint/nested-declarations;expanded-QName-not-prefix;ordinal-shared-with-native-attributes;not-DAT-text;SQL-shape-not-full-mode/QName/IDREF-validation-proof
no_intro_dat	no_intro_dat_game_descriptions	type	datafile/game/description/@{http://www.w3.org/2001/XMLSchema-instance}type	no_intro_dat_game_description_xsi_attributes	value_text,source_qname,resolved_type_kind	no_intro_dat_game_description_xsi_attributes	optional;present-nonempty-resolved-XMLSchema-QName;invalid-rejected;strict-text-type-validation	none;absence=no-declaration/position	MAMEC-DOC-14@37510:target-flat-DAT-schema-instance-attribute-ownership;e591363:parser=src/no_intro_dat_xml/reader.rs::validate_attributes/resolve_narrowed_type;current=validated-but-not-persisted;capture-gap=source_qname/resolved-type/second-root-hint/nested-declarations;expanded-QName-not-prefix;ordinal-shared-with-native-attributes;string-family-types=string|normalizedString|token|language|Name|NCName|NMTOKEN|ID|IDREF|ENTITY;not-DAT-text;SQL-shape-not-full-mode/QName/IDREF-validation-proof
no_intro_dat	no_intro_dat_game_descriptions	nil	datafile/game/description/@{http://www.w3.org/2001/XMLSchema-instance}nil	no_intro_dat_game_description_xsi_attributes	value_text,source_qname	no_intro_dat_game_description_xsi_attributes	optional;strict-reject-all;compatible-collapsed-false/0-only;decoded-spelling-retained	omitted-effective-not-nil;no-default-declaration/position	MAMEC-DOC-14@37510:target-flat-DAT-schema-instance-attribute-ownership;e591363:parser=src/no_intro_dat_xml/reader.rs::validate_attributes/resolve_narrowed_type;current=validated-but-not-persisted;capture-gap=source_qname/resolved-type/second-root-hint/nested-declarations;expanded-QName-not-prefix;ordinal-shared-with-native-attributes;not-DAT-text;SQL-shape-not-full-mode/QName/IDREF-validation-proof
no_intro_dat	no_intro_dat_categories	schemaLocation	datafile/game/category/@{http://www.w3.org/2001/XMLSchema-instance}schemaLocation	no_intro_dat_category_xsi_attributes	value_text,source_qname	no_intro_dat_category_xsi_attributes	optional;explicit-empty/whitespace-retained;contradictory-recognized-revision-rejected	none;absence=no-declaration/position	MAMEC-DOC-14@37510:target-flat-DAT-schema-instance-attribute-ownership;e591363:parser=src/no_intro_dat_xml/reader.rs::validate_attributes/resolve_narrowed_type;current=validated-but-not-persisted;capture-gap=source_qname/resolved-type/second-root-hint/nested-declarations;expanded-QName-not-prefix;ordinal-shared-with-native-attributes;even-XML-whitespace-token-count;not-DAT-text;SQL-shape-not-full-mode/QName/IDREF-validation-proof
no_intro_dat	no_intro_dat_categories	noNamespaceSchemaLocation	datafile/game/category/@{http://www.w3.org/2001/XMLSchema-instance}noNamespaceSchemaLocation	no_intro_dat_category_xsi_attributes	value_text,source_qname	no_intro_dat_category_xsi_attributes	optional;explicit-empty/whitespace-retained;contradictory-recognized-revision-rejected	none;absence=no-declaration/position	MAMEC-DOC-14@37510:target-flat-DAT-schema-instance-attribute-ownership;e591363:parser=src/no_intro_dat_xml/reader.rs::validate_attributes/resolve_narrowed_type;current=validated-but-not-persisted;capture-gap=source_qname/resolved-type/second-root-hint/nested-declarations;expanded-QName-not-prefix;ordinal-shared-with-native-attributes;not-DAT-text;SQL-shape-not-full-mode/QName/IDREF-validation-proof
no_intro_dat	no_intro_dat_categories	type	datafile/game/category/@{http://www.w3.org/2001/XMLSchema-instance}type	no_intro_dat_category_xsi_attributes	value_text,source_qname,resolved_type_kind	no_intro_dat_category_xsi_attributes	optional;present-nonempty-resolved-XMLSchema-QName;invalid-rejected;strict-text-type-validation	none;absence=no-declaration/position	MAMEC-DOC-14@37510:target-flat-DAT-schema-instance-attribute-ownership;e591363:parser=src/no_intro_dat_xml/reader.rs::validate_attributes/resolve_narrowed_type;current=validated-but-not-persisted;capture-gap=source_qname/resolved-type/second-root-hint/nested-declarations;expanded-QName-not-prefix;ordinal-shared-with-native-attributes;string-family-types=string|normalizedString|token|language|Name|NCName|NMTOKEN|ID|IDREF|ENTITY;not-DAT-text;SQL-shape-not-full-mode/QName/IDREF-validation-proof
no_intro_dat	no_intro_dat_categories	nil	datafile/game/category/@{http://www.w3.org/2001/XMLSchema-instance}nil	no_intro_dat_category_xsi_attributes	value_text,source_qname	no_intro_dat_category_xsi_attributes	optional;strict-reject-all;compatible-collapsed-false/0-only;decoded-spelling-retained	omitted-effective-not-nil;no-default-declaration/position	MAMEC-DOC-14@37510:target-flat-DAT-schema-instance-attribute-ownership;e591363:parser=src/no_intro_dat_xml/reader.rs::validate_attributes/resolve_narrowed_type;current=validated-but-not-persisted;capture-gap=source_qname/resolved-type/second-root-hint/nested-declarations;expanded-QName-not-prefix;ordinal-shared-with-native-attributes;not-DAT-text;SQL-shape-not-full-mode/QName/IDREF-validation-proof
no_intro_dat	no_intro_dat_identifiers	schemaLocation	datafile/game/game_id/@{http://www.w3.org/2001/XMLSchema-instance}schemaLocation	no_intro_dat_identifier_xsi_attributes	value_text,source_qname	no_intro_dat_identifier_xsi_attributes	optional;explicit-empty/whitespace-retained;contradictory-recognized-revision-rejected	none;absence=no-declaration/position	MAMEC-DOC-14@37510:target-flat-DAT-schema-instance-attribute-ownership;e591363:parser=src/no_intro_dat_xml/reader.rs::validate_attributes/resolve_narrowed_type;current=validated-but-not-persisted;capture-gap=source_qname/resolved-type/second-root-hint/nested-declarations;expanded-QName-not-prefix;ordinal-shared-with-native-attributes;even-XML-whitespace-token-count;not-DAT-text;SQL-shape-not-full-mode/QName/IDREF-validation-proof
no_intro_dat	no_intro_dat_identifiers	noNamespaceSchemaLocation	datafile/game/game_id/@{http://www.w3.org/2001/XMLSchema-instance}noNamespaceSchemaLocation	no_intro_dat_identifier_xsi_attributes	value_text,source_qname	no_intro_dat_identifier_xsi_attributes	optional;explicit-empty/whitespace-retained;contradictory-recognized-revision-rejected	none;absence=no-declaration/position	MAMEC-DOC-14@37510:target-flat-DAT-schema-instance-attribute-ownership;e591363:parser=src/no_intro_dat_xml/reader.rs::validate_attributes/resolve_narrowed_type;current=validated-but-not-persisted;capture-gap=source_qname/resolved-type/second-root-hint/nested-declarations;expanded-QName-not-prefix;ordinal-shared-with-native-attributes;not-DAT-text;SQL-shape-not-full-mode/QName/IDREF-validation-proof
no_intro_dat	no_intro_dat_identifiers	type	datafile/game/game_id/@{http://www.w3.org/2001/XMLSchema-instance}type	no_intro_dat_identifier_xsi_attributes	value_text,source_qname,resolved_type_kind	no_intro_dat_identifier_xsi_attributes	optional;present-nonempty-resolved-XMLSchema-QName;invalid-rejected;strict-text-type-validation	none;absence=no-declaration/position	MAMEC-DOC-14@37510:target-flat-DAT-schema-instance-attribute-ownership;e591363:parser=src/no_intro_dat_xml/reader.rs::validate_attributes/resolve_narrowed_type;current=validated-but-not-persisted;capture-gap=source_qname/resolved-type/second-root-hint/nested-declarations;expanded-QName-not-prefix;ordinal-shared-with-native-attributes;string-family-types=string|normalizedString|token|language|Name|NCName|NMTOKEN|ID|IDREF|ENTITY;not-DAT-text;SQL-shape-not-full-mode/QName/IDREF-validation-proof
no_intro_dat	no_intro_dat_identifiers	nil	datafile/game/game_id/@{http://www.w3.org/2001/XMLSchema-instance}nil	no_intro_dat_identifier_xsi_attributes	value_text,source_qname	no_intro_dat_identifier_xsi_attributes	optional;strict-reject-all;compatible-collapsed-false/0-only;decoded-spelling-retained	omitted-effective-not-nil;no-default-declaration/position	MAMEC-DOC-14@37510:target-flat-DAT-schema-instance-attribute-ownership;e591363:parser=src/no_intro_dat_xml/reader.rs::validate_attributes/resolve_narrowed_type;current=validated-but-not-persisted;capture-gap=source_qname/resolved-type/second-root-hint/nested-declarations;expanded-QName-not-prefix;ordinal-shared-with-native-attributes;not-DAT-text;SQL-shape-not-full-mode/QName/IDREF-validation-proof
no_intro_dat	no_intro_dat_releases	schemaLocation	datafile/game/release/@{http://www.w3.org/2001/XMLSchema-instance}schemaLocation	no_intro_dat_release_xsi_attributes	value_text,source_qname	no_intro_dat_release_xsi_attributes	optional;explicit-empty/whitespace-retained;contradictory-recognized-revision-rejected	none;absence=no-declaration/position	MAMEC-DOC-14@37510:target-flat-DAT-schema-instance-attribute-ownership;e591363:parser=src/no_intro_dat_xml/reader.rs::validate_attributes/resolve_narrowed_type;current=validated-but-not-persisted;capture-gap=source_qname/resolved-type/second-root-hint/nested-declarations;expanded-QName-not-prefix;ordinal-shared-with-native-attributes;even-XML-whitespace-token-count;not-DAT-text;SQL-shape-not-full-mode/QName/IDREF-validation-proof
no_intro_dat	no_intro_dat_releases	noNamespaceSchemaLocation	datafile/game/release/@{http://www.w3.org/2001/XMLSchema-instance}noNamespaceSchemaLocation	no_intro_dat_release_xsi_attributes	value_text,source_qname	no_intro_dat_release_xsi_attributes	optional;explicit-empty/whitespace-retained;contradictory-recognized-revision-rejected	none;absence=no-declaration/position	MAMEC-DOC-14@37510:target-flat-DAT-schema-instance-attribute-ownership;e591363:parser=src/no_intro_dat_xml/reader.rs::validate_attributes/resolve_narrowed_type;current=validated-but-not-persisted;capture-gap=source_qname/resolved-type/second-root-hint/nested-declarations;expanded-QName-not-prefix;ordinal-shared-with-native-attributes;not-DAT-text;SQL-shape-not-full-mode/QName/IDREF-validation-proof
no_intro_dat	no_intro_dat_releases	nil	datafile/game/release/@{http://www.w3.org/2001/XMLSchema-instance}nil	no_intro_dat_release_xsi_attributes	value_text,source_qname	no_intro_dat_release_xsi_attributes	optional;strict-reject-all;compatible-collapsed-false/0-only;decoded-spelling-retained	omitted-effective-not-nil;no-default-declaration/position	MAMEC-DOC-14@37510:target-flat-DAT-schema-instance-attribute-ownership;e591363:parser=src/no_intro_dat_xml/reader.rs::validate_attributes/resolve_narrowed_type;current=validated-but-not-persisted;capture-gap=source_qname/resolved-type/second-root-hint/nested-declarations;expanded-QName-not-prefix;ordinal-shared-with-native-attributes;not-DAT-text;SQL-shape-not-full-mode/QName/IDREF-validation-proof
no_intro_dat	no_intro_dat_rom_claims	schemaLocation	datafile/game/rom/@{http://www.w3.org/2001/XMLSchema-instance}schemaLocation	no_intro_dat_rom_xsi_attributes	value_text,source_qname	no_intro_dat_rom_xsi_attributes	optional;explicit-empty/whitespace-retained;contradictory-recognized-revision-rejected	none;absence=no-declaration/position	MAMEC-DOC-14@37510:target-flat-DAT-schema-instance-attribute-ownership;e591363:parser=src/no_intro_dat_xml/reader.rs::validate_attributes/resolve_narrowed_type;current=validated-but-not-persisted;capture-gap=source_qname/resolved-type/second-root-hint/nested-declarations;expanded-QName-not-prefix;ordinal-shared-with-native-attributes;even-XML-whitespace-token-count;not-DAT-text;SQL-shape-not-full-mode/QName/IDREF-validation-proof
no_intro_dat	no_intro_dat_rom_claims	noNamespaceSchemaLocation	datafile/game/rom/@{http://www.w3.org/2001/XMLSchema-instance}noNamespaceSchemaLocation	no_intro_dat_rom_xsi_attributes	value_text,source_qname	no_intro_dat_rom_xsi_attributes	optional;explicit-empty/whitespace-retained;contradictory-recognized-revision-rejected	none;absence=no-declaration/position	MAMEC-DOC-14@37510:target-flat-DAT-schema-instance-attribute-ownership;e591363:parser=src/no_intro_dat_xml/reader.rs::validate_attributes/resolve_narrowed_type;current=validated-but-not-persisted;capture-gap=source_qname/resolved-type/second-root-hint/nested-declarations;expanded-QName-not-prefix;ordinal-shared-with-native-attributes;not-DAT-text;SQL-shape-not-full-mode/QName/IDREF-validation-proof
no_intro_dat	no_intro_dat_rom_claims	nil	datafile/game/rom/@{http://www.w3.org/2001/XMLSchema-instance}nil	no_intro_dat_rom_xsi_attributes	value_text,source_qname	no_intro_dat_rom_xsi_attributes	optional;strict-reject-all;compatible-collapsed-false/0-only;decoded-spelling-retained	omitted-effective-not-nil;no-default-declaration/position	MAMEC-DOC-14@37510:target-flat-DAT-schema-instance-attribute-ownership;e591363:parser=src/no_intro_dat_xml/reader.rs::validate_attributes/resolve_narrowed_type;current=validated-but-not-persisted;capture-gap=source_qname/resolved-type/second-root-hint/nested-declarations;expanded-QName-not-prefix;ordinal-shared-with-native-attributes;not-DAT-text;SQL-shape-not-full-mode/QName/IDREF-validation-proof
